hour,DA_kEUR_per_MW,ID_kEUR_per_MW,cap_up_kEUR_per_MW,cap_down_kEUR_per_MW,act_up_kEUR_per_MW,act_down_kEUR_per_MW,total_kEUR_per_MW,sample_hours
0,0.02,0.00,0.02,0.02,0.01,0.00,0.06,545
1,0.01,0.00,0.02,0.02,0.01,0.00,0.05,543
2,0.01,0.00,0.02,0.02,0.01,0.00,0.06,546
3,0.01,0.00,0.02,0.03,0.01,0.00,0.06,547
4,0.01,0.00,0.02,0.03,0.01,0.00,0.06,546
5,0.01,-0.01,0.02,0.02,0.01,0.00,0.06,547
6,0.03,-0.01,0.02,0.02,0.01,0.00,0.07,546
7,0.02,0.00,0.03,0.03,0.01,0.00,0.09,543
8,0.02,0.00,0.05,0.04,0.01,0.00,0.11,542
9,0.01,0.00,0.05,0.02,0.01,0.00,0.09,538
10,0.00,0.01,0.03,0.01,0.01,0.00,0.06,539
11,-0.01,0.01,0.03,0.00,0.01,0.00,0.04,543
12,-0.01,0.01,0.02,0.00,0.01,0.00,0.03,542
13,-0.01,0.01,0.02,0.00,0.01,0.00,0.03,544
14,-0.01,0.00,0.02,0.00,0.01,0.00,0.03,544
15,-0.01,0.01,0.02,0.00,0.01,0.00,0.04,542
16,0.00,0.01,0.03,0.01,0.01,0.00,0.05,540
17,0.00,0.01,0.04,0.01,0.01,0.00,0.07,544
18,0.01,0.01,0.03,0.01,0.01,0.00,0.08,544
19,0.03,0.01,0.03,0.02,0.01,0.00,0.10,545
20,0.04,0.02,0.03,0.01,0.01,0.00,0.10,544
21,0.05,0.04,0.01,0.01,0.01,0.00,0.11,545
22,0.05,0.03,0.01,0.01,0.00,0.00,0.09,543
23,0.04,0.01,0.01,0.01,0.00,0.00,0.08,541
