month,DA_kEUR,ID_kEUR,cap_up_kEUR,cap_down_kEUR,act_up_kEUR,act_down_kEUR,total_kEUR,DA_kEUR_per_MW,ID_kEUR_per_MW,cap_up_kEUR_per_MW,cap_down_kEUR_per_MW,act_up_kEUR_per_MW,act_down_kEUR_per_MW,total_kEUR_per_MW,valid_qh,total_qh,settlement_coverage,efc,efc_known_qh,calendar_complete
2025-01,1024.50,-329.21,3382.15,1976.28,760.56,-166.31,6647.98,10.25,-3.29,33.82,19.76,7.61,-1.66,66.48,2928,2976,98.39%,26.39,2976,True
2025-02,1645.87,-636.26,3973.04,1708.55,630.48,-172.05,7149.63,16.46,-6.36,39.73,17.09,6.30,-1.72,71.50,2592,2688,96.43%,27.36,2688,True
2025-03,1088.39,164.64,2255.14,2045.61,740.72,150.06,6444.57,10.88,1.65,22.55,20.46,7.41,1.50,64.45,2961,2972,99.63%,34.51,2972,True
2025-04,803.25,144.33,1073.36,1158.56,457.31,174.60,3811.42,8.03,1.44,10.73,11.59,4.57,1.75,38.11,2491,2880,86.49%,30.83,2880,True
2025-05,553.21,506.89,479.04,841.20,289.61,137.10,2807.05,5.53,5.07,4.79,8.41,2.90,1.37,28.07,2346,2976,78.83%,32.78,2976,True
2025-06,1627.18,53.91,1128.31,708.18,654.11,-79.83,4091.86,16.27,0.54,11.28,7.08,6.54,-0.80,40.92,2784,2880,96.67%,36.84,2880,True
2025-07,957.54,326.34,1845.17,771.15,403.53,-80.45,4223.27,9.58,3.26,18.45,7.71,4.04,-0.80,42.23,2463,2976,82.76%,28.53,2976,True
2025-08,1316.43,197.35,2156.36,1123.85,511.16,-93.45,5211.69,13.16,1.97,21.56,11.24,5.11,-0.93,52.12,2879,2976,96.74%,36.00,2976,True
2025-09,1146.11,510.84,1915.14,1647.09,482.43,7.82,5709.44,11.46,5.11,19.15,16.47,4.82,0.08,57.09,2867,2880,99.55%,36.92,2880,True
2025-10,885.69,-32.86,1968.65,939.79,588.13,-24.72,4324.68,8.86,-0.33,19.69,9.40,5.88,-0.25,43.25,2504,2980,84.03%,27.10,2980,True
2025-11,1136.63,-82.89,1462.10,1138.02,536.69,12.01,4202.56,11.37,-0.83,14.62,11.38,5.37,0.12,42.03,2576,2880,89.44%,31.43,2880,True
2025-12,1160.61,-603.88,1163.47,807.33,653.60,-79.04,3102.09,11.61,-6.04,11.63,8.07,6.54,-0.79,31.02,2784,2976,93.55%,27.22,2976,True
2026-01,938.07,-15.94,1327.47,621.25,630.69,143.05,3644.59,9.38,-0.16,13.27,6.21,6.31,1.43,36.45,2591,2976,87.06%,29.07,2976,True
2026-02,499.02,192.72,845.01,1007.33,312.08,236.07,3092.23,4.99,1.93,8.45,10.07,3.12,2.36,30.92,2666,2688,99.18%,26.95,2688,True
2026-03,792.58,851.41,885.66,665.75,378.76,172.15,3746.31,7.93,8.51,8.86,6.66,3.79,1.72,37.46,2757,2972,92.77%,37.68,2972,True
2026-04,-175.39,1664.72,699.24,949.24,446.76,19.35,3603.92,-1.75,16.65,6.99,9.49,4.47,0.19,36.04,2489,2880,86.42%,32.74,2880,True
2026-05,469.50,1187.10,1055.02,875.16,377.51,-56.32,3907.98,4.69,11.87,10.55,8.75,3.78,-0.56,39.08,2587,2976,86.93%,33.31,2976,True
2026-06,632.94,1015.38,1291.02,476.32,508.30,-64.66,3859.29,6.33,10.15,12.91,4.76,5.08,-0.65,38.59,2567,2880,89.13%,35.13,2880,True
2026-07,-186.93,1718.19,1675.32,393.80,826.14,-127.07,4299.44,-1.87,17.18,16.75,3.94,8.26,-1.27,42.99,2686,2976,90.26%,33.22,2976,True
2026-08,949.37,590.99,1763.06,547.63,586.46,-75.34,4362.17,9.49,5.91,17.63,5.48,5.86,-0.75,43.62,1920,2976,64.52%,24.25,2976,True
