month,window_start_month,window_end_month,rolling_total_kEUR,rolling_total_kEUR_per_MW,v1_100pct_kEUR_per_MW,v1_minus_coefficient_kEUR_per_MW
2025-12,2025-01,2025-12,40135.68,401.36,531.77,130.41
2026-01,2025-02,2026-01,38076.34,380.76,502.20,121.44
2026-02,2025-03,2026-02,35130.02,351.30,462.75,111.45
2026-03,2025-04,2026-03,32922.81,329.23,435.61,106.38
2026-04,2025-05,2026-04,32709.80,327.10,431.80,104.70
2026-05,2025-06,2026-05,33289.80,332.90,440.14,107.24
2026-06,2025-07,2026-06,33004.05,330.04,437.29,107.25
2026-07,2025-08,2026-07,31311.64,313.12,429.76,116.64
2026-08,2025-09,2026-08,28572.43,285.72,392.74,107.02
