hour,fullfill_total_kEUR_per_MW,award_rate_total_kEUR_per_MW,difference_award_rate_minus_fullfill_kEUR_per_MW,fullfill_sample_hours,award_rate_sample_hours
0,0.06,0.05,-0.01,545,545
1,0.05,0.04,-0.01,543,543
2,0.06,0.04,-0.02,546,546
3,0.06,0.04,-0.02,547,547
4,0.06,0.04,-0.02,546,546
5,0.06,0.04,-0.02,547,547
6,0.07,0.05,-0.02,546,546
7,0.09,0.08,-0.01,543,543
8,0.11,0.10,-0.01,542,542
9,0.09,0.07,-0.02,538,538
10,0.06,0.04,-0.02,539,539
11,0.04,0.03,-0.01,543,543
12,0.03,0.02,-0.01,542,542
13,0.03,0.02,-0.01,544,544
14,0.03,0.02,-0.01,544,544
15,0.04,0.02,-0.02,542,542
16,0.05,0.04,-0.01,540,540
17,0.07,0.06,-0.01,544,544
18,0.08,0.07,-0.01,544,544
19,0.10,0.09,-0.01,545,545
20,0.10,0.10,0.00,544,544
21,0.11,0.11,0.00,545,545
22,0.09,0.09,0.00,543,543
23,0.08,0.07,-0.01,541,541
