month,fullfill_DA_kEUR,fullfill_ID_kEUR,fullfill_cap_up_kEUR,fullfill_cap_down_kEUR,fullfill_act_up_kEUR,fullfill_act_down_kEUR,fullfill_total_kEUR,fullfill_total_kEUR_per_MW,award_rate_DA_kEUR,award_rate_ID_kEUR,award_rate_cap_up_kEUR,award_rate_cap_down_kEUR,award_rate_act_up_kEUR,award_rate_act_down_kEUR,award_rate_total_kEUR,award_rate_total_kEUR_per_MW,difference_award_rate_minus_fullfill_kEUR,difference_award_rate_minus_fullfill_kEUR_per_MW
2025-01,1024.50,-329.21,3382.15,1976.28,760.56,-166.31,6647.98,66.48,1037.34,-134.73,2262.97,1329.05,725.87,-154.93,5065.57,50.66,-1582.4099999999999,-15.820000000000007
2025-02,1645.87,-636.26,3973.04,1708.55,630.48,-172.05,7149.63,71.50,1761.72,-505.71,2814.89,1209.19,593.44,-171.71,5701.82,57.02,-1447.8100000000004,-14.479999999999997
2025-03,1088.39,164.64,2255.14,2045.61,740.72,150.06,6444.57,64.45,1081.18,336.13,1481.20,1567.79,718.48,156.15,5340.92,53.41,-1103.6499999999996,-11.040000000000006
2025-04,803.25,144.33,1073.36,1158.56,457.31,174.60,3811.42,38.11,845.13,263.43,604.06,731.32,445.91,173.63,3063.48,30.63,-747.94,-7.48
2025-05,553.21,506.89,479.04,841.20,289.61,137.10,2807.05,28.07,554.66,585.86,277.42,511.87,278.10,137.86,2345.78,23.46,-461.27,-4.609999999999999
2025-06,1627.18,53.91,1128.31,708.18,654.11,-79.83,4091.86,40.92,1528.81,265.54,614.52,420.14,633.36,-76.50,3385.87,33.86,-705.9900000000002,-7.060000000000002
2025-07,957.54,326.34,1845.17,771.15,403.53,-80.45,4223.27,42.23,912.90,500.92,1141.45,499.66,373.84,-73.74,3355.02,33.55,-868.2500000000005,-8.68
2025-08,1316.43,197.35,2156.36,1123.85,511.16,-93.45,5211.69,52.12,1272.47,351.64,1345.99,796.64,491.15,-88.45,4169.44,41.69,-1042.25,-10.43
2025-09,1146.11,510.84,1915.14,1647.09,482.43,7.82,5709.44,57.09,1138.60,651.73,1262.22,1219.84,467.51,7.71,4747.60,47.48,-961.8399999999992,-9.610000000000007
2025-10,885.69,-32.86,1968.65,939.79,588.13,-24.72,4324.68,43.25,949.98,126.65,1177.42,550.15,560.63,-25.10,3339.73,33.40,-984.9500000000003,-9.850000000000001
2025-11,1136.63,-82.89,1462.10,1138.02,536.69,12.01,4202.56,42.03,1144.13,87.19,787.31,633.73,511.74,14.21,3178.31,31.78,-1024.2500000000005,-10.25
2025-12,1160.61,-603.88,1163.47,807.33,653.60,-79.04,3102.09,31.02,1176.14,-434.36,629.35,464.30,617.65,-77.30,2375.77,23.76,-726.3200000000002,-7.259999999999998
2026-01,938.07,-15.94,1327.47,621.25,630.69,143.05,3644.59,36.45,873.83,208.42,784.73,342.46,611.22,145.78,2966.44,29.66,-678.1500000000001,-6.790000000000003
2026-02,499.02,192.72,845.01,1007.33,312.08,236.07,3092.23,30.92,498.76,260.84,529.99,720.85,307.74,238.28,2556.46,25.56,-535.77,-5.360000000000003
2026-03,792.58,851.41,885.66,665.75,378.76,172.15,3746.31,37.46,788.25,935.11,493.28,390.15,367.36,176.10,3150.25,31.50,-596.06,-5.960000000000001
2026-04,-175.39,1664.72,699.24,949.24,446.76,19.35,3603.92,36.04,-131.53,1682.85,384.94,619.93,436.12,20.04,3012.36,30.12,-591.56,-5.919999999999998
2026-05,469.50,1187.10,1055.02,875.16,377.51,-56.32,3907.98,39.08,459.27,1282.62,625.05,524.89,366.38,-52.20,3206.01,32.06,-701.9699999999998,-7.019999999999996
2026-06,632.94,1015.38,1291.02,476.32,508.30,-64.66,3859.29,38.59,555.28,1187.44,699.24,255.09,492.49,-59.28,3130.26,31.30,-729.0299999999997,-7.290000000000003
2026-07,-186.93,1718.19,1675.32,393.80,826.14,-127.07,4299.44,42.99,-270.83,1950.20,847.04,207.72,785.05,-119.27,3399.90,34.00,-899.5399999999995,-8.990000000000002
2026-08,949.37,590.99,1763.06,547.63,586.46,-75.34,4362.17,43.62,880.92,767.25,1152.85,399.54,554.92,-71.05,3684.43,36.84,-677.7400000000002,-6.779999999999994
