month,market,V0_kEUR_per_MW,V1_kEUR_per_MW,delta_kEUR_per_MW,V0_share_pct,V1_share_pct
2025-01,DA,-1.2616037941440905,10.511436299999994,11.773040094144084,-1.8535351960178716,16.061508591301934
2025-01,ID,9.764600533709233,-5.112507414668135,-14.877107948377368,14.346049725194334,-7.811927829861571
2025-01,cap_up,33.604051200000036,34.11102999999996,0.5069787999999207,49.370723135977514,52.12176393088713
2025-01,cap_down,19.94197170000002,19.896029000000016,-0.04594270000000478,29.29853777827237,30.40119652499753
2025-01,act_up,7.539681159915237,7.706247681174313,0.16656652125907545,11.077221280978188,11.775171328192505
2025-01,act_down,-1.5239671567357274,-1.6673476205977937,-0.14338046386206638,-2.2389967244045375,-2.5477125455175256
2025-02,DA,8.477205606163386,19.59083639999999,11.113630793836604,11.739383790187071,27.94205823622549
2025-02,ID,2.2776129105707246,-12.120330958553403,-14.397943869124127,3.154078516537921,-17.287010445670713
2025-02,cap_up,39.46721880000002,40.560092500000025,1.0928737000000055,54.654900464797905,57.850131743313106
2025-02,cap_down,17.336766599999997,17.263922700000006,-0.07284389999999163,24.0082600627646,24.62322300180586
2025-02,act_up,6.407135319972858,6.574584590880571,0.16744927090771267,8.872713959201185,9.377211966170865
2025-02,act_down,-1.754264776847625,-1.75674545418656,-0.002480677338934978,-2.429336793488671,-2.505614501844611
2025-03,DA,8.000352653287946,10.952458300000007,2.952105646712061,12.316451346950686,17.4725201437291
2025-03,ID,4.597564135251282,-1.39264439902247,-5.990208534273752,7.077897367816164,-2.2216936735537804
2025-03,cap_up,23.488125400000015,23.291109599999995,-0.1970158000000204,36.159700235374714,37.15644200679603
2025-03,cap_down,20.443060999999997,20.636452900000005,0.19339190000000883,31.471858441860963,32.92145280209527
2025-03,act_up,7.459901226757532,7.697323439609108,0.23742221285157594,11.48443256118925,12.279584652823393
2025-03,act_down,0.9676330764648242,1.4992072884651095,0.5315742120002853,1.489660046808224,2.3916940681099956
2025-04,DA,4.9621177777994365,7.8898374,2.9277196222005637,14.59450841184001,21.26769900839306
2025-04,ID,3.5876982006841973,0.03400131162082756,-3.5536968890633696,10.55208560411263,0.09165330345620781
2025-04,cap_up,9.818192900000003,11.111059899999995,1.2928669999999922,28.877125712172006,29.950766490755026
2025-04,cap_down,10.461373800000004,11.613339800000007,1.1519660000000034,30.768839991381974,31.304702850858725
2025-04,act_up,3.7339299339549803,4.692625387234611,0.9586954532796308,10.98218024451934,12.649353749020179
2025-04,act_down,1.4365840457718413,1.7568842785758088,0.32030023280396747,4.225260035974045,4.73582459751681
2025-05,DA,3.6286462304509635,5.663663099999997,2.035016869549034,14.171584659733924,20.76414436057676
2025-05,ID,5.682281328611233,3.7097022292615898,-1.9725790993496433,22.192003792784085,13.600525183629143
2025-05,cap_up,4.917914499999998,5.031605299999998,0.11369079999999965,19.20678877461732,18.446891520550217
2025-05,cap_down,7.611273600000001,8.4501139,0.8388402999999984,29.72563356703766,30.979841453301905
2025-05,act_up,2.6135463870683537,3.053562579674306,0.4400161926059525,10.207138291868661,11.19498337011121
2025-05,act_down,1.1514224774169555,1.3675218564135627,0.21609937899660725,4.4968509139583555,5.013614111830761
2025-06,DA,13.687385784080517,15.722452700000003,2.0350669159194865,34.435168447367715,41.68822855571028
2025-06,ID,0.33619716279605594,-3.7622193145445326,-4.098416477340589,0.8458157105408867,-9.975559262546875
2025-06,cap_up,12.122266499999997,12.207099,0.08483250000000275,30.497590663140983,32.36723575032172
2025-06,cap_down,7.541206499999998,7.118932300000001,-0.4222741999999968,18.9724115488814,18.87591474802327
2025-06,act_up,6.929406250487222,7.243775905593372,0.3143696551061499,17.433224666853345,19.206938721381793
2025-06,act_down,-0.8681862305976039,-0.8156707444404143,0.052515486157189595,-2.184211036784339,-2.162758512890189
2025-07,DA,4.442008973497246,9.4447765,5.002767526502754,12.375832031629415,23.464249762453456
2025-07,ID,5.679267379508227,0.5621874936809752,-5.117079885827252,15.822943981171031,1.3966775989943359
2025-07,cap_up,15.774406900000004,19.0062626,3.2318556999999952,43.948900454218574,47.21844849342682
2025-07,cap_down,7.233978800000003,7.750631899999998,0.5166530999999956,20.154508260410573,19.255380232495618
2025-07,act_up,3.4193936791410677,4.298688237117093,0.8792945579760256,9.526734879544343,10.679500403914929
2025-07,act_down,-0.6564469593010193,-0.8107739461716936,-0.15432698687067437,-1.8289196069739373,-2.0142564912851686
2025-08,DA,10.288153459883313,12.997595399999998,2.709441940116685,20.360992473071953,26.541730031635332
2025-08,ID,1.838635288002622,-2.3805184600357894,-4.219153748038411,3.638790907009903,-4.861135953008216
2025-08,cap_up,22.31645560000001,22.476076000000006,0.1596203999999979,44.165863803357205,45.897254300016016
2025-08,cap_down,11.4997771,11.274123799999998,-0.22565330000000117,22.758882426094843,23.022316131092573
2025-08,act_up,5.535077905177832,5.524569020429851,-0.010508884747980396,10.954315563491889,11.281442064382555
2025-08,act_down,-0.9493568397029144,-0.9214305519353676,0.027926287767546798,-1.8788451730257971,-1.881606574118261
2025-09,DA,10.103101956515964,10.917038499999999,0.8139365434840347,18.040114254582132,20.174230135959547
2025-09,ID,3.9378968484491943,1.3324543032691702,-2.605442545180024,7.031514615465724,2.462319772876305
2025-09,cap_up,19.828890899999998,20.04846759999999,0.21957669999999396,35.40649781792377,37.04872885038635
2025-09,cap_down,16.82715,16.504074099999997,-0.32307590000000275,30.046584691071956,30.498838038752858
2025-09,act_up,5.354068195306035,5.221100623853642,-0.1329675714523928,9.560232331205082,9.648375385744528
2025-09,act_down,-0.047571481704391336,0.09064481108127471,0.13821629278566605,-0.08494371024866211,0.16750781628041458
2025-10,DA,7.524543081346234,10.073791025,2.549247943653766,21.360959240931567,24.079467408069725
2025-10,ID,0.11940804338503934,-3.6748145724902015,-3.794222615875241,0.33898009755708214,-8.783940177970635
2025-10,cap_up,15.352829500000002,20.1930755,4.840245999999997,43.58419662656743,48.26767819227631
2025-10,cap_down,8.007603999999999,9.495652299999998,1.488048299999999,22.732290959375778,22.697537551530882
2025-10,act_up,4.669479036788341,5.985293675955589,1.3158146391672476,13.255894783630453,14.306697810211764
2025-10,act_down,-0.4481839695336358,-0.23739228868291012,0.2107916808507257,-1.2723217080623144,-0.567440784118034
2025-11,DA,5.281293308440991,10.929166575,5.647873266559009,14.26700040259663,30.646773708473013
2025-11,ID,3.793318919558131,-3.0827976132784736,-6.876116532836605,10.24735408389749,-8.644556764216588
2025-11,cap_up,12.927065800000001,13.197635499999995,0.27056969999999403,34.921456204339464,37.007849215200565
2025-11,cap_down,10.2424639,10.2145426,-0.027921300000000926,27.669214347804896,28.642877153490325
2025-11,act_up,4.7222638018838525,4.213337483682702,-0.5089263182011505,12.756825956809513,11.814734411242231
2025-11,act_down,0.05113937006516982,0.18983527856007068,0.13869590849490088,0.13814900455201026,0.5323222758104431
2025-12,DA,7.204371946422779,9.9070825,2.7027105535772202,23.906979103624227,93.39207328770448
2025-12,ID,-0.5328445288839192,-1.9058075,-1.372962971116081,-1.7681906364972673,-17.96566382810044
2025-12,cap_up,10.5627295,0.99372,-9.5690095,35.051348724314764,9.36759849001537
2025-12,cap_down,8.1232068,1.61306,-6.5101468,26.956039564065804,15.205992050380582
2025-12,act_up,5.398586550701304,0.0,-5.398586550701304,17.9146630430162,0.0
2025-12,act_down,-0.6210344002979913,0.0,0.6210344002979913,-2.060839798523723,0.0
2026-01,DA,5.6074521,9.614103150000002,4.006651050000002,16.264545688378682,26.79884378478648
2026-01,ID,3.9022560392431442,-1.3088672588008896,-5.211123298044034,11.31858471658131,-3.648403668690275
2026-01,cap_up,12.267260100000005,13.371099899999999,1.103839799999994,35.58147422564251,37.271289049033555
2026-01,cap_down,5.551331300000001,6.341885999999997,0.790554699999996,16.101765998175296,17.677698019593674
2026-01,act_up,5.760757142170264,6.41806785978467,0.657310717614406,16.709210541180028,17.890051239415737
2026-01,act_down,1.3874802439716423,1.4387773004414284,0.051297056469786106,4.024418830042182,4.010521575860837
2026-02,DA,4.022990782737686,4.9210221999999995,0.8980314172623132,13.997724695987339,16.0474211294522
2026-02,ID,2.7560414972197393,1.6545048576272636,-1.1015366395924757,9.589460233002507,5.395329492939304
2026-02,cap_up,7.846368100000003,8.484317299999999,0.637949199999996,27.300907821726597,27.66730308776027
2026-02,cap_down,9.3000933,10.0901064,0.7900130999999995,32.35904646338948,32.903770814482584
2026-02,act_up,2.9954342782913153,3.150329947725726,0.1548956694344108,10.422411244977317,10.273205304353201
2026-02,act_down,1.81939141587738,2.3652209992687876,0.5458295833914075,6.330449540916767,7.712970171012436
2026-03,DA,5.662923680853735,7.864441799999999,2.2015181191462636,18.620232524764692,22.130447885681324
2026-03,ID,6.706366934308051,6.025799531942856,-0.6805674023651953,22.051173342739347,16.95652989780207
2026-03,cap_up,8.073471100000006,9.2222671,1.1487959999999937,26.54634207277615,25.951352509771702
2026-03,cap_down,5.544710000000012,6.745582399999997,1.2008723999999855,18.231534680831746,18.98199052878351
2026-03,act_up,3.263843408372901,3.9188468166427675,0.6550034082698666,10.731828047373897,11.027589427603234
2026-03,act_down,1.161429042372529,1.7598117232533053,0.5983826808807762,3.8188893315141685,4.952089750358167
2026-04,DA,-1.978796763759024,-1.9288639999999997,0.049932763759024335,-6.3813578285645,-5.793702629767631
2026-04,ID,13.213272478498842,13.280424217468711,0.06715173896986926,42.611056029548216,39.8902300593397
2026-04,cap_up,6.243432599999999,7.282770500000001,1.0393379000000014,20.134244318976805,21.875158952546226
2026-04,cap_down,9.0610292,9.516676799999997,0.45564759999999715,29.220620671741205,28.585113000609986
2026-04,act_up,4.472407664468252,4.9345714434086725,0.46216377894042004,14.422923154558957,14.821905302008375
2026-04,act_down,-0.002321442888954078,0.20684426584527307,0.20916570873422716,-0.00748634626066961,0.6212953152633435
2026-05,DA,2.208316671935305,4.8612193,2.652902628064695,6.814985207925227,13.650549897169935
2026-05,ID,9.935775403343632,7.025814303102203,-2.9099611002414285,30.66234261760709,19.728842250080515
2026-05,cap_up,9.392596899999997,11.3352229,1.9426260000000024,28.986064250199885,31.829879757120455
2026-05,cap_down,7.642480299999998,8.8069997,1.1645194000000023,23.585109354228425,24.730501018378384
2026-05,act_up,3.631685604537503,4.162361040740092,0.5306754362025887,11.207579052993331,11.688120524959407
2026-05,act_down,-0.4070182674166401,-0.5797236818998593,-0.17270541448321924,-1.2560804829539496,-1.6278934477087057
2026-06,DA,1.4741909996206233,6.878775949999999,5.404584950379375,5.1589909598754415,19.72668578888292
2026-06,ID,9.55191904306044,4.432303400609727,-5.1196156424507135,33.42732658474543,12.710787084848338
2026-06,cap_up,9.9574387,13.723972399999996,3.7665336999999948,34.84645900703085,39.35707359535404
2026-06,cap_down,3.7388340999999987,4.775483400000001,1.0366493000000019,13.084200980292152,13.694945322623324
2026-06,act_up,4.443290054442982,5.691958303540199,1.248668249097217,15.549473052592854,16.323176360666405
2026-06,act_down,-0.5904919928292277,-0.6320847924143068,-0.04159279958507911,-2.066450584536728,-1.8126681523750339
2026-07,DA,-4.834599912908931,-2.4448298499999996,2.389770062908932,-13.195611993972197,-7.472124712827359
2026-07,ID,15.542095003260542,11.748192216176934,-3.793902787083608,42.42077088713656,35.90595778660903
2026-07,cap_up,14.995228699999998,14.204338199999999,-0.7908904999999997,40.92814777862744,43.412667958703835
2026-07,cap_down,4.115529600000001,2.9235191000000005,-1.1920105000000008,11.23297330277567,8.935140952869503
2026-07,act_up,8.013046592943974,7.155508352984688,-0.8575382399592861,21.87090051604469,21.86935454718024
2026-07,act_down,-1.193363712379207,-0.8673885546720534,0.32597515770715346,-3.2571804906121664,-2.6509965325352423
2026-08,DA,8.031952305504314,6.62246,-1.4094923055043136,32.171118591425575,55.400004073310996
2026-08,ID,0.2631274730028046,1.3347176816133635,1.0715902086105589,1.0539287108109698,11.165543468454402
2026-08,cap_up,10.469763100000002,2.84567,-7.624093100000001,41.93550677378965,23.805372866170412
2026-08,cap_down,3.4397110000000004,1.0124342,-2.4272768000000005,13.777391385329315,8.46949000884254
2026-08,act_up,3.0719118428512884,0.16276624958857458,-2.9091455932627137,12.304211534105754,1.3616165126259103
2026-08,act_down,-0.3101211950445659,-0.024150093150391332,0.2859711018941746,-1.2421569954612566,-0.20202692940425762
