month,local_hour,valid_qh,DA_avg_abs_mw,IDA_avg_abs_mw,aFRR_up_avg_mw,aFRR_down_avg_mw
2025-01,0,124,70.96774193548387,74.35476524706611,93.54838709677419,90.16129032258064
2025-01,1,124,70.96774193548387,70.48294093092845,93.53225806451613,92.29032258064517
2025-01,2,124,74.19354838709677,70.96774193548387,93.54838709677419,90.3225806451613
2025-01,3,124,65.25100269803247,61.80287712316703,93.54838709677419,78.03225806451613
2025-01,4,124,77.41935483870968,68.80645161290323,93.54838709677419,84.71774193548387
2025-01,5,124,61.29032258064516,62.057811585937735,93.54838709677419,90.48387096774194
2025-01,6,124,45.16129032258065,45.16129032258065,93.54838709677419,93.54838709677419
2025-01,7,124,46.35483870967745,45.16129032258065,92.35483870967738,93.54838709677419
2025-01,8,124,53.58064516129032,54.83870967741935,90.3225806451613,91.50806451612904
2025-01,9,124,67.74193548387096,66.2258064516129,92.03225806451613,93.54838709677419
2025-01,10,124,53.70967741935484,51.652205261700026,91.45161290322581,93.45967741935483
2025-01,11,124,61.516129032258014,58.936235153723054,92.90322580645162,89.89516129032259
2025-01,12,120,80.0,88.56581551519868,93.33333333333333,84.53333333333333
2025-01,13,120,83.33333333333333,86.7305769060675,93.3,83.28333333333333
2025-01,14,116,75.86206896551724,87.14713116774183,93.10344827586206,72.03448275862068
2025-01,15,120,66.66666666666667,66.66666666666667,90.0,86.66666666666667
2025-01,16,120,66.66666666666667,67.1715816005041,90.0,89.9
2025-01,17,120,70.0,70.70000000000003,90.0,86.96666666666667
2025-01,18,120,73.33333333333333,74.1,84.1,90.0
2025-01,19,120,73.33333333333333,90.23546161858532,61.741666666667705,90.0
2025-01,20,120,70.0,83.71940947562466,71.36666666666666,90.0
2025-01,21,120,69.86666666666666,74.9910822960275,84.36666666666666,90.0
2025-01,22,120,73.26666666666667,73.90187486706091,89.73333333333333,90.0
2025-01,23,120,60.0,63.333333333333336,90.0,90.0
2025-02,0,108,81.48148148148148,86.9520887410259,90.55555555555556,95.5925925925926
2025-02,1,108,75.36482642062565,74.36760202473879,95.4074074074074,95.5925925925926
2025-02,2,108,88.88888888888889,85.18518518518519,92.5925925925926,96.29629629629629
2025-02,3,108,66.66666666666667,66.66666666666667,96.29629629629629,96.29629629629629
2025-02,4,108,62.96296296296296,62.59354114786279,95.77777777777777,93.55555555555556
2025-02,5,108,74.07407407407408,69.70370370370371,91.92592592592592,96.29629629629629
2025-02,6,108,62.96296296296296,61.666666666666664,95.0,96.29629629629629
2025-02,7,108,67.11111111111111,67.60435248039519,94.88888888888889,94.44444444444444
2025-02,8,108,62.96296296296296,67.74602306191944,83.37037037037037,94.72222222222223
2025-02,9,108,72.11111111111111,70.4074074074074,94.51851851851852,96.29629629629629
2025-02,10,108,63.278287283002186,66.64514085265382,96.29629629629629,92.22222222222223
2025-02,11,108,63.242761400900875,62.96296296296296,96.29629629629629,96.0
2025-02,12,108,74.07407407407408,74.78468692639298,95.48148148148148,81.07407407407408
2025-02,13,108,70.37037037037037,76.52316393135546,96.29629629629629,76.51851851851852
2025-02,14,108,77.77777777777777,82.10129135916178,96.29629629629629,69.85185185185185
2025-02,15,108,77.77777777777777,72.57575551594543,96.29629629629629,82.37037037037037
2025-02,16,108,81.48148148148148,82.98513889133102,96.29629629629629,91.4074074074074
2025-02,17,108,88.88888888888889,88.14814814814815,96.29629629629629,95.55555555555556
2025-02,18,108,77.77777777777777,82.5777777777778,91.25925925925925,96.29629629629629
2025-02,19,108,67.66761585225989,71.64726630558572,58.94444444444444,96.29629629629629
2025-02,20,108,81.48148148148148,69.56575382327745,72.96296296296295,95.37037037037037
2025-02,21,108,77.77777777777777,71.5593220557687,89.37037037037037,95.37037037037037
2025-02,22,108,62.96296296296296,66.66666666666667,90.74074074074075,96.29629629629629
2025-02,23,108,81.48148148148148,82.78832712760878,95.77777777777777,96.29629629629629
2025-03,0,120,60.55857007257232,65.16612568398276,91.41666666666667,97.875
2025-03,1,116,69.37931034482759,73.34440644807434,99.47413793103448,93.78448275862068
2025-03,2,120,66.66666666666667,68.84162272520886,96.31666666666666,94.14166666666667
2025-03,3,124,61.354838709677416,62.08870967741935,93.54838709677419,92.68548387096774
2025-03,4,124,68.19354838709677,70.80645161290323,93.54838709677419,89.70967741935483
2025-03,5,124,72.70967741935483,69.32665051644817,91.90322580645162,91.80645161290323
2025-03,6,124,67.74193548387096,70.95927330511208,89.4758064516129,93.54838709677419
2025-03,7,124,51.61290322580645,48.564516129032256,90.5,93.54838709677419
2025-03,8,120,50.0,50.0,96.66666666666667,96.66666666666667
2025-03,9,124,54.83870967741935,52.22660154215479,90.93548387096774,93.54838709677419
2025-03,10,124,64.51612903225806,63.061437996469884,93.54838709677419,90.29032258064517
2025-03,11,124,61.29032258064516,61.822461236156634,92.94354838709677,87.83064516129032
2025-03,12,120,76.66666666666667,80.14050726124422,94.70833333333333,87.31666666666665
2025-03,13,116,68.96551724137932,77.49162743238612,95.42241379310344,70.35344827586222
2025-03,14,124,70.17647149781025,75.23639215803945,90.3225806451613,70.30645161290316
2025-03,15,124,67.74193548387099,70.18484451809995,90.3225806451613,81.51612903225806
2025-03,16,124,58.064516129032256,59.88938112575334,90.3225806451613,83.01612903225806
2025-03,17,124,58.064516129032256,64.81153118474894,90.3225806451613,86.45967741935483
2025-03,18,124,67.74193548387096,71.2729017741465,90.3225806451613,85.97580645161283
2025-03,19,124,61.29032258064516,59.195429683776425,56.82258064516129,89.51612903225806
2025-03,20,124,64.51612903225806,52.76568194809407,60.5967741935484,90.3225806451613
2025-03,21,124,73.7741935483871,73.87597537467713,69.20161290322572,89.51612903225806
2025-03,22,120,56.666666666666664,58.10751277379979,83.275,90.0
2025-03,23,120,66.66666666666667,68.21666666666667,93.175,91.625
2025-04,0,108,55.55555555555556,59.95218220818205,87.07407407407408,82.62037037037037
2025-04,1,108,44.44444444444444,51.607693795279,87.41666666666667,83.19444444444444
2025-04,2,108,59.25925925925926,65.23058701512556,88.88888888888889,82.91666666666667
2025-04,3,108,59.25925925925926,65.53055344545953,88.88888888888889,85.13888888888889
2025-04,4,108,55.55555555555556,62.34222856974681,88.88888888888889,83.95370370370371
2025-04,5,108,55.55555555555556,58.95695942496977,88.25925925925925,86.11111111111111
2025-04,6,108,48.148148148148145,49.88475536123302,86.79629629629629,88.76851851851852
2025-04,7,104,74.34615384615383,72.04807692307693,74.29807692307692,91.34615384615384
2025-04,8,104,62.69230769230775,62.815223847763264,84.5576923076923,87.29807692307692
2025-04,9,104,53.84615384615385,55.58495839124162,83.75,86.48076923076923
2025-04,10,104,65.38461538461539,66.88056122283082,84.07692307692308,81.73076923076923
2025-04,11,96,54.166666666666664,49.70390704484779,87.5,76.32291666666667
2025-04,12,92,60.869565217391305,62.807778755704504,86.95652173913044,71.83695652173913
2025-04,13,100,60.0,62.36989210661616,80.0,67.76
2025-04,14,96,66.66666666666667,66.854543163201,83.33333333333333,72.375
2025-04,15,96,75.0,75.94881670378861,83.33333333333333,67.91666666666667
2025-04,16,96,61.083333333333336,73.75554715525169,79.16666666666667,60.791666666666664
2025-04,17,100,52.0,68.93632753226649,76.0,68.31
2025-04,18,100,55.76184752853113,67.271357218787,76.0,70.04
2025-04,19,100,52.0,63.0026099986353,74.68,73.34
2025-04,20,100,60.0,65.734,61.84,74.25
2025-04,21,100,48.0,67.9519741797566,38.56,76.0
2025-04,22,100,48.0,55.75698533448977,56.100000000000016,76.0
2025-04,23,100,60.0,66.20066406024111,70.91000000000001,73.0
2025-05,0,96,72.58333333333333,74.49915707571174,86.16666666666667,89.20833333333333
2025-05,1,96,79.16666666666667,84.47916666666667,89.71875,89.61458333333333
2025-05,2,96,53.833333333333336,57.067979578501,90.625,86.5
2025-05,3,96,58.333333333333336,62.5,90.625,87.5
2025-05,4,96,50.00000000000001,51.041666666666664,90.625,90.625
2025-05,5,96,54.166666666666664,55.42708333333332,85.92708333333333,88.54166666666667
2025-05,6,96,72.55404031658964,73.87803023744222,83.97916666666667,88.4375
2025-05,7,96,62.5,67.27937967017387,80.63541666666667,91.66666666666667
2025-05,8,92,56.52173913043478,66.21950369818317,75.67391304347827,84.8586956521739
2025-05,9,92,65.65217391304348,68.6295652173913,83.40217391304348,87.81521739130434
2025-05,10,92,45.391304347826086,44.94574901810764,80.78260869565217,85.30434782608695
2025-05,11,96,45.833333333333336,46.6274763029324,79.67708333333333,61.635416666666664
2025-05,12,100,64.0,67.99928919941196,79.0,72.0
2025-05,13,96,62.5,77.99666123456332,70.83333333333333,74.46875
2025-05,14,100,60.0,74.16906673205962,72.19,72.32
2025-05,15,100,48.0,64.10304712436364,66.0,74.74
2025-05,16,96,62.5,75.64329717038878,76.79166666666667,63.229166666666664
2025-05,17,96,58.333333333333336,71.08334355809494,84.375,65.34375
2025-05,18,100,64.0,73.51171319036598,75.24000000000001,67.32
2025-05,19,100,76.0,83.01034457890344,77.57,76.0
2025-05,20,100,72.0,74.67542771764252,76.74,78.8
2025-05,21,100,60.0,60.53138924221978,47.08,83.0
2025-05,22,100,56.00314928967161,65.20184018235513,40.59,83.0
2025-05,23,100,72.0,74.19323384738519,70.69,83.94
2025-06,0,116,75.55172413793103,77.84430836929117,93.19827586206897,90.91379310344827
2025-06,1,116,70.62068965517241,71.11206896551722,93.50862068965517,92.15517241379311
2025-06,2,116,75.86206896551724,82.91232504999475,96.55172413793103,89.5
2025-06,3,116,89.65517241379311,99.96387719613685,96.55172413793103,86.24137931034483
2025-06,4,116,79.3103448275862,79.01724137931035,94.82758620689656,91.58620689655173
2025-06,5,116,79.3103448275862,80.80957527853438,96.55172413793103,95.05172413793103
2025-06,6,116,76.06170673387507,73.60208669780128,90.16379310344823,94.87931034482759
2025-06,7,116,75.86206896551724,80.95740239622108,91.29310344827586,96.37068965517241
2025-06,8,116,62.06896551724138,65.70882662892173,93.35344827586204,91.86206896551724
2025-06,9,116,82.75862068965517,81.33801279576952,94.06896551724144,87.84482758620689
2025-06,10,116,63.03448275862072,69.01417816655996,92.9396551724138,80.5603448275862
2025-06,11,116,75.85732157486376,63.84821387668866,94.75862068965517,71.75862068965517
2025-06,12,116,82.75862068965517,76.3865179679486,89.64655172413794,84.1896551724138
2025-06,13,116,86.20689655172414,77.26507812628506,93.96551724137932,80.72413793103448
2025-06,14,116,82.75862068965517,73.63953458217186,95.6896551724138,70.18103448275865
2025-06,15,116,79.3103448275862,62.301665283811296,90.51724137931035,60.293103448275865
2025-06,16,116,82.75862068965517,66.33924235916595,95.6896551724138,66.12068965517238
2025-06,17,116,79.3103448275862,78.37970636091647,94.80172413793103,86.03448275862068
2025-06,18,116,86.20689655172414,84.42710384937342,95.24137931034483,84.47413793103448
2025-06,19,116,82.75862068965517,83.15142484215599,91.90517241379308,92.7758620689655
2025-06,20,116,68.96551724137932,72.68154745230362,92.47413793103448,93.05172413793103
2025-06,21,116,68.96551724137932,64.12243927021512,30.31896551724138,96.55172413793103
2025-06,22,116,75.86206896551724,75.44760882634739,39.758620689655174,96.55172413793103
2025-06,23,116,75.86206896551724,77.39887371172571,77.54310344827586,95.6896551724138
2025-07,0,104,50.0,45.15384615384615,76.29807692307692,77.10576923076923
2025-07,1,104,46.15384615384615,47.831734299497924,80.6826923076923,78.36538461538461
2025-07,2,104,50.0,53.70475861567544,80.3173076923077,76.96153846153847
2025-07,3,104,46.15384615384615,46.17307692307692,80.76923076923077,76.9423076923077
2025-07,4,104,50.0,51.92307692307692,80.76923076923077,78.84615384615384
2025-07,5,104,53.84615384615385,53.40903870027463,80.3076923076923,80.74038461538461
2025-07,6,104,48.34615384615385,46.74034127042801,77.96153846153847,80.76923076923077
2025-07,7,104,57.69230769230769,59.35646701153728,80.25961538461539,80.76923076923077
2025-07,8,104,61.53846153846154,60.86693036513542,78.58653846153847,77.1923076923077
2025-07,9,100,47.72,52.75369177701503,77.44,77.9
2025-07,10,100,72.0,68.63957673257491,77.28,70.02
2025-07,11,100,44.0,48.164574622861956,80.0,71.93
2025-07,12,100,72.0,75.00811896624762,78.21,72.03
2025-07,13,100,60.0,64.63920000000002,80.0,70.64
2025-07,14,100,60.0,61.93118065838571,80.0,66.74
2025-07,15,100,72.0,68.12780197788254,80.0,68.47
2025-07,16,100,64.0,63.856173264422786,80.0,62.7
2025-07,17,100,68.0,74.3379821831614,80.0,66.72
2025-07,18,104,62.30769230769231,79.21453809701615,75.96153846153847,65.81730769230771
2025-07,19,104,61.54598253507622,72.85888849767481,76.48076923076931,72.29807692307692
2025-07,20,104,61.53846153846154,73.97393516936266,75.3173076923077,73.5
2025-07,21,104,65.38461538461539,59.8044266615102,31.259615384615383,76.92307692307692
2025-07,22,104,76.92307692307692,46.725824298056565,24.701923076923077,76.92307692307692
2025-07,23,104,65.38461538461539,61.86064899269783,54.06730769230769,76.92307692307692
2025-08,0,120,86.66666666666667,84.72204300971455,93.29166666666667,95.73333333333333
2025-08,1,120,83.33333333333333,84.12147176946367,95.96666666666667,95.64166666666667
2025-08,2,120,67.53333333333335,66.66819418959243,96.05833333333334,94.11666666666666
2025-08,3,120,76.66666666666667,77.22218309171267,96.51666666666667,94.45833333333333
2025-08,4,116,66.79310344827587,64.6813339623918,95.36206896551724,93.02586206896552
2025-08,5,116,65.51724137931035,64.82733860631954,96.35344827586206,94.95689655172414
2025-08,6,120,80.0,76.14151059678065,85.79166666666667,92.5
2025-08,7,120,66.66666666666667,66.64728688575619,89.38333333333334,93.33333333333333
2025-08,8,120,60.4,60.035507714988476,89.96666666666667,92.16666666666667
2025-08,9,120,58.233333333333334,58.572899933475824,92.75833333333334,89.11666666666666
2025-08,10,120,70.0,69.48264491893858,90.425,87.33333333333333
2025-08,11,120,76.66666666666673,68.31976485894698,93.33333333333333,74.89166666666665
2025-08,12,120,80.0,67.66719132759029,93.33333333333333,70.16666666666667
2025-08,13,120,86.66666666666667,84.91461776814549,93.33333333333333,67.14166666666667
2025-08,14,120,86.66666666666667,93.29322402294343,93.33333333333333,60.041666666666664
2025-08,15,120,93.33333333333333,72.96882559770442,91.66666666666667,58.94166666666667
2025-08,16,120,90.0,94.4006465218788,93.13333333333334,75.45833333333333
2025-08,17,120,75.13725146788165,84.34235724198865,92.5,80.66666666666669
2025-08,18,120,80.0,81.02991386562056,93.19166666666666,86.375
2025-08,19,120,80.0,82.66608404021866,90.475,88.65
2025-08,20,120,66.66666666666667,70.4454411785204,88.85833333333333,92.75833333333334
2025-08,21,120,73.33333333333333,67.75325693386706,38.40833333333333,93.33333333333333
2025-08,22,120,76.66666666666667,63.882108804098735,40.74166666666667,93.33333333333333
2025-08,23,120,76.66666666666667,66.5393487314078,68.14166666666667,93.33333333333333
2025-09,0,120,70.0,70.29273851340223,97.9,99.625
2025-09,1,120,66.66666666666667,69.69880961817984,97.36666666666666,97.925
2025-09,2,120,90.0,90.86557831503306,99.13333333333334,96.66666666666667
2025-09,3,120,73.33333333333333,72.89088158193866,99.55833333333334,97.11666666666666
2025-09,4,120,63.333333333333336,63.792446009331385,99.625,99.16666666666667
2025-09,5,120,60.0,58.09166666666667,93.45833333333333,99.28333333333333
2025-09,6,120,71.6588087653479,72.49233611305775,91.73333333333333,100.0
2025-09,7,120,70.23333333333333,71.25423275203275,92.2,100.0
2025-09,8,120,63.333333333333336,65.1444240053622,97.29166666666667,100.0
2025-09,9,120,64.8,66.05023939078399,96.58333333333333,98.55
2025-09,10,120,69.17977884948225,69.44079938863496,95.8,95.5
2025-09,11,116,82.75862068965517,70.71496015220042,98.59482758620689,86.54310344827586
2025-09,12,120,76.66666666666667,77.19426217673114,95.83333333333333,84.68333333333334
2025-09,13,116,79.3103448275862,66.56239112466152,96.36206896551724,69.92241379310344
2025-09,14,116,89.65517241379311,64.92880338926962,96.55172413793103,63.10344827586207
2025-09,15,116,82.75862068965517,75.37449869651965,93.25,81.37068965517241
2025-09,16,116,82.75862068965516,84.23452535761538,95.07758620689656,83.70689655172414
2025-09,17,120,83.33333333333333,81.35394801789741,91.175,85.21666666666667
2025-09,18,120,66.66666666666667,67.3515858214427,90.725,87.15833333333326
2025-09,19,120,76.66666666666667,78.41298895406338,89.54166666666667,89.72500000000007
2025-09,20,120,76.66666666666667,80.83333333333333,86.13333333333334,93.33333333333333
2025-09,21,120,80.0,54.82988012800196,38.5,93.33333333333333
2025-09,22,120,76.66666666666667,71.2112929758463,53.25833333333333,93.33333333333333
2025-09,23,120,73.33333333333333,71.1139646339699,76.61666666666666,93.33333333333333
2025-10,0,110,52.72727272727273,47.57851093053226,77.07272727272729,73.84545454545454
2025-10,1,105,51.22490020837871,53.39995506191877,78.29523809523809,76.00952380952381
2025-10,2,107,46.98130841121497,49.11860197895237,78.25233644859811,77.04672897196262
2025-10,3,104,42.5,46.54197146298236,80.76923076923077,76.33653846153847
2025-10,4,105,49.523809523809526,53.52990476190476,80.0,76.8
2025-10,5,104,55.25961538461539,60.785,80.27884615384616,76.47115384615384
2025-10,6,100,72.5,71.00249324006332,82.0,80.5
2025-10,7,100,67.0,68.48874526263597,80.09,83.38
2025-10,8,100,64.0,65.53297972215896,79.53,84.0
2025-10,9,104,69.6826923076923,69.26152949009496,78.4326923076923,78.71153846153847
2025-10,10,98,55.45731299118345,50.24857628365662,79.07142857142857,69.63265306122449
2025-10,11,104,58.34615384615385,50.23076923076923,73.07692307692308,62.61538461538461
2025-10,12,104,69.73415138044044,63.03389359624287,71.47115384615384,59.94230769230769
2025-10,13,104,69.10765695885392,71.28284095217082,73.07692307692308,51.72115384615385
2025-10,14,104,62.5,60.844220528264216,73.07692307692308,32.68269230769231
2025-10,15,104,61.53846153846154,62.761801965506606,72.52884615384615,42.89423076923077
2025-10,16,104,65.98076923076923,68.69927068076905,71.0,59.85576923076923
2025-10,17,104,63.06730769230769,71.93310524156004,71.26923076923084,68.15384615384616
2025-10,18,104,68.26923076923077,70.95749375039841,71.01923076923077,70.23076923076923
2025-10,19,104,70.1923076923077,72.0487268774996,67.91346153846153,73.07692307692308
2025-10,20,104,68.26923076923077,76.27239034774226,62.07692307692308,73.07692307692308
2025-10,21,104,58.65384615384615,59.841200516975015,49.02884615384615,72.02884615384616
2025-10,22,102,63.72549019607843,63.43051482185736,57.627450980392155,72.54901960784314
2025-10,23,102,58.8235294117647,61.591195541710235,65.01960784313725,70.58823529411765
2025-11,0,106,58.490566037735846,59.10448510251056,89.27358490566037,89.10377358490567
2025-11,1,105,62.857142857142854,62.062834266348496,90.84761904761905,91.20952380952382
2025-11,2,108,75.92592592592592,75.62962962962963,88.58333333333333,85.19444444444444
2025-11,3,108,71.29629629629629,70.77701855124236,86.11111111111111,83.4074074074074
2025-11,4,108,61.111111111111114,59.41365289873676,88.03703703703704,84.37962962962963
2025-11,5,108,68.12962962962963,63.25,86.5,84.00925925925925
2025-11,6,108,67.5925925925926,67.03703703703707,88.88888888888889,88.33333333333333
2025-11,7,108,68.51851851851852,73.96191441097669,81.37037037037037,87.96296296296296
2025-11,8,106,62.264150943396224,62.80761688774497,85.17924528301887,88.67924528301887
2025-11,9,102,66.43137254901961,66.68335377761791,82.83333333333333,84.18627450980392
2025-11,10,104,58.65384615384615,50.49358185968317,79.41346153846153,71.25961538461539
2025-11,11,108,61.111111111111114,45.25,76.17592592592592,50.870370370370374
2025-11,12,108,61.39876146949579,64.18384419094923,76.85185185185185,57.7037037037037
2025-11,13,105,64.76190476190476,65.50586683353846,75.23809523809524,50.04761904761905
2025-11,14,108,59.25925925925926,60.298152860219076,74.07407407407408,51.81481481481482
2025-11,15,108,62.03703703703704,61.795068403145315,74.07407407407408,59.574074074074076
2025-11,16,108,56.48148148148148,62.10695944691145,74.07407407407408,67.29629629629632
2025-11,17,108,47.22222222222222,53.56148148148148,74.07407407407408,73.14814814814815
2025-11,18,108,56.48148148148148,67.63559037485271,67.32407407407408,74.07407407407408
2025-11,19,108,62.03703703703704,64.40418314990217,60.78703703703704,73.14814814814815
2025-11,20,108,57.407407407407405,67.76824891493806,57.574074074074076,74.07407407407408
2025-11,21,108,61.111111111111114,69.4806411711835,58.71296296296296,74.07407407407408
2025-11,22,108,62.96296296296296,67.9442907922603,60.092592592592595,74.07407407407408
2025-11,23,108,62.94520301572188,67.19266153324403,68.82407407407408,73.00925925925925
2025-12,0,116,69.82758620689656,73.473165997621,83.19827586206897,81.0
2025-12,1,116,70.97413793103448,70.41366861806861,84.16379310344827,75.95689655172414
2025-12,2,116,69.82758620689656,71.18627779086148,83.62068965517241,78.60344827586206
2025-12,3,116,64.38793103448276,63.14655172413793,82.75862068965517,83.67241379310344
2025-12,4,116,70.6896551724138,58.741379310344826,83.62068965517241,73.05172413793103
2025-12,5,116,70.76585942181741,63.91379310344828,86.20689655172414,71.78448275862068
2025-12,6,116,77.58620689655173,77.57758620689656,84.48275862068965,81.88793103448276
2025-12,7,116,66.37931034482759,65.98323188212804,86.20689655172414,87.52586206896552
2025-12,8,116,69.50862068965517,65.31780807150922,78.24137931034483,88.84482758620689
2025-12,9,116,62.93103448275862,67.17794869648566,85.87931034482759,84.0
2025-12,10,116,74.62068965517241,70.04672968551378,84.48275862068965,79.90517241379311
2025-12,11,116,78.12931034482759,68.85801530081241,80.94827586206897,74.25
2025-12,12,116,82.75862068965517,73.67695534919393,82.75862068965517,72.70689655172414
2025-12,13,116,82.75862068965517,71.48712543606827,80.17241379310344,59.06896551724138
2025-12,14,116,81.03448275862068,84.81100704208382,83.80172413793103,57.68103448275873
2025-12,15,116,84.27211427967815,97.06758248866953,85.34482758620689,74.49137931034483
2025-12,16,116,85.34482758620689,85.8442691553783,85.34482758620689,84.11206896551724
2025-12,17,116,75.86206896551724,78.60344827586206,81.26724137931035,90.4396551724138
2025-12,18,116,76.72413793103448,87.83391325248142,68.05172413793103,90.51724137931035
2025-12,19,116,81.03448275862068,88.6766218243191,67.72413793103448,87.93103448275862
2025-12,20,116,87.06896551724138,87.57946917823372,77.24137931034483,89.65517241379311
2025-12,21,116,82.75862068965517,80.42535055748782,72.98275862068965,91.37931034482759
2025-12,22,116,81.03448275862068,82.45743929645144,80.65517241379311,85.11206896551724
2025-12,23,116,81.63793103448276,82.44121386834236,83.31896551724138,82.76724137931035
2026-01,0,108,78.76851851851852,76.85692835038427,79.89814814814815,84.43518518518519
2026-01,1,108,69.44444444444444,71.67915759414232,84.81481481481481,84.92592592592592
2026-01,2,108,62.03703703703704,57.373562852324895,87.39814814814815,84.25925925925925
2026-01,3,108,64.81481481481481,63.842592592592595,88.88888888888889,83.76851851851852
2026-01,4,108,74.29629629629629,74.71959176474877,88.16666666666667,77.37037037037037
2026-01,5,108,75.99074074074075,73.36858850534124,86.6759259259259,75.8425925925926
2026-01,6,108,74.55555555555556,75.16761062218289,87.96296296296296,84.08333333333333
2026-01,7,108,77.52777777777777,81.52673970187408,81.73148148148148,85.22222222222223
2026-01,8,108,70.37037037037037,72.97203048290004,80.73148148148148,88.88888888888889
2026-01,9,107,73.38317757009345,72.43657106851352,87.72897196261682,88.78504672897196
2026-01,10,107,71.02803738317758,75.53271028037383,80.71028037383178,76.5233644859813
2026-01,11,108,76.12962962962963,67.5317780506244,84.69444444444444,73.0925925925926
2026-01,12,108,79.62962962962963,88.6287550350343,83.16666666666667,73.07407407407408
2026-01,13,108,77.77777777777777,81.47442688426212,83.68518518518519,67.03703703703704
2026-01,14,108,80.55555555555556,72.25500417106089,83.69444444444444,70.44444444444444
2026-01,15,108,81.48148148148148,82.17757875134681,85.07407407407408,80.89814814814815
2026-01,16,108,73.14814814814815,79.38556684705833,84.66666666666667,80.75925925925925
2026-01,17,108,70.37037037037037,76.61176063540535,83.51851851851852,81.42592592592592
2026-01,18,108,74.07407407407408,78.17910523165519,78.39814814814815,84.16666666666667
2026-01,19,108,80.55555555555556,83.33147442536095,74.30555555555556,84.67592592592592
2026-01,20,108,81.48148148148148,78.59590895808816,66.93518518518519,84.60185185185185
2026-01,21,108,76.62037037037037,87.8050149829888,73.39814814814815,84.25925925925925
2026-01,22,108,76.85185185185185,78.36342337524117,74.45370370370371,84.49074074074075
2026-01,23,108,70.37037037037037,71.18500430550387,83.53703703703704,75.96296296296296
2026-02,0,110,54.54545454545455,48.150851245594,81.73636363636363,94.12727272727273
2026-02,1,110,52.6,53.888026584697165,86.05454545454545,94.54545454545455
2026-02,2,111,48.648648648648646,49.171171171171174,87.009009009009,93.69369369369369
2026-02,3,110,51.83636329523714,50.7507894154835,90.13636363636364,94.54545454545455
2026-02,4,111,45.04504504504504,46.8018018018018,91.93693693693693,93.69369369369369
2026-02,5,110,45.45454545454545,48.18181818181818,93.63636363636364,92.72727272727273
2026-02,6,110,41.872727272727275,41.46363636363634,91.86363636363636,93.2909090909091
2026-02,7,110,54.54545454545455,57.14545454545455,92.60909090909091,93.64545454545454
2026-02,8,111,57.65765765765766,53.97410532467757,90.09009009009009,91.89189189189189
2026-02,9,107,69.21495327102804,71.05607476635514,93.37383177570094,93.46728971962617
2026-02,10,112,58.14269537802985,58.56249999999999,83.58035714285714,89.0
2026-02,11,108,51.851851851851855,62.73858587768513,83.55555555555556,81.48148148148148
2026-02,12,109,71.03669724770637,85.30933036611933,85.04587155963303,79.1651376146789
2026-02,13,112,59.59851715154683,71.91223451880833,83.60714285714286,80.70535714285714
2026-02,14,112,64.28571428571429,75.68067720855626,83.49107142857143,83.47321428571429
2026-02,15,112,66.96428571428571,73.0678702801206,83.03571428571429,78.61607142857143
2026-02,16,112,67.85714285714286,81.05534364029121,85.71428571428571,79.42857142857143
2026-02,17,111,64.8018018018018,79.15306118973415,84.68468468468468,80.55855855855856
2026-02,18,111,70.01801801801801,85.7416326925563,81.72972972972973,73.18018018018019
2026-02,19,110,69.08181818181818,74.47451299645422,75.66363636363636,77.85454545454546
2026-02,20,110,71.81818181818181,77.27272727272727,76.36363636363636,77.27272727272727
2026-02,21,110,72.72727272727273,72.15599014613615,78.30909090909091,78.93636363636364
2026-02,22,109,75.22935779816514,81.83641351959697,81.37614678899082,80.08256880733943
2026-02,23,111,64.86486486486487,76.64965425210171,78.2072072072072,77.47747747747748
2026-03,0,113,66.20949244426367,60.88066480167939,83.24778761061947,85.61946902654867
2026-03,1,113,66.3716814159292,64.19771373343404,80.49557522123894,81.87610619469027
2026-03,2,109,66.05504587155963,62.39472513041647,81.33944954128441,81.4770642201835
2026-03,3,116,64.93604929888305,67.28448275862068,81.03448275862068,78.12068965517241
2026-03,4,114,66.66666666666667,70.93812138112978,83.03508771929825,77.60526315789474
2026-03,5,116,67.24137931034483,65.84482758620689,82.75862068965517,80.46551724137932
2026-03,6,115,67.82341466189946,65.206657011809,70.85217391304347,82.74782608695652
2026-03,7,115,60.869565217391305,70.73445616099573,61.095652173913045,83.47826086956522
2026-03,8,114,63.99122807017544,63.639463876829936,78.15789473684211,82.95614035087719
2026-03,9,111,60.63963963963964,61.00671811077614,79.73873873873873,80.18018018018019
2026-03,10,115,50.53783131008572,50.791415035571,76.76521739130435,78.25217391304348
2026-03,11,116,44.51724137930331,44.915739277463324,77.55172413793103,70.93965517242083
2026-03,12,116,59.21965604004933,70.58272981229537,76.72413793103448,62.5
2026-03,13,116,55.172413793103445,64.86383157792204,78.96551724137932,61.922413793103445
2026-03,14,116,62.06896551724138,70.87455373420279,79.3103448275862,57.939655172413794
2026-03,15,116,59.33212982072699,81.3820929677313,79.0,70.11206896551722
2026-03,16,116,64.65517241379311,81.85383842803812,78.46551724137932,67.34482758620689
2026-03,17,114,66.64912280701755,75.60731091034259,76.55263157894737,68.83333333333333
2026-03,18,112,66.07142857142857,70.9305525205006,75.0,72.11607142857137
2026-03,19,114,57.719298245614034,56.46713018975484,55.27192982456141,73.6842105263158
2026-03,20,115,69.35652173913043,75.85162686555978,38.243478260869566,71.21739130434783
2026-03,21,114,61.973684210526315,75.31897946395834,38.780701754385966,72.86842105263158
2026-03,22,114,60.05660477647802,72.43678740796216,63.46491228070175,71.9298245614035
2026-03,23,111,67.27027027027027,77.99883996725066,70.42342342342343,70.25225225225225
2026-04,0,104,69.23076923076923,77.70192307692308,81.95192307692308,86.5
2026-04,1,104,67.3076923076923,71.03132852481423,85.96153846153847,85.3076923076923
2026-04,2,104,70.79807692307692,71.15384615384616,87.5,87.85576923076923
2026-04,3,104,64.42307692307692,64.42307692307692,88.46153846153847,88.46153846153847
2026-04,4,104,64.42307692307692,65.45192307692308,88.46153846153847,87.4326923076923
2026-04,5,104,69.23076923076923,70.70545144198843,86.39423076923077,84.9326923076923
2026-04,6,104,60.909991860105194,59.64357437681259,83.40384615384616,86.42307692307692
2026-04,7,104,57.70192307692308,67.14724667050318,70.63461538461539,88.46153846153847
2026-04,8,101,64.44554455445545,67.14081175398174,82.0099009900988,87.81188118811882
2026-04,9,100,63.37932709374819,61.31080890040272,85.74,81.59
2026-04,10,104,77.19048199711297,62.623373398863855,83.71153846153847,59.682692307692314
2026-04,11,100,66.91741778990549,46.24362884777623,80.85,58.19
2026-04,12,104,78.84615384615384,73.91346153846165,80.46153846153847,63.99038461538461
2026-04,13,104,77.88461538461539,76.29730769230842,78.8076923076923,68.08653846153847
2026-04,14,104,78.84615384615384,78.4464641113576,77.74038461538461,70.46153846153847
2026-04,15,104,74.03846153846153,75.523313727339,80.76923076923077,66.64423076923077
2026-04,16,104,70.1923076923077,73.25461219064911,80.76923076923077,64.11538461538461
2026-04,17,104,73.07692307692308,79.49459309782165,80.76923076923077,73.10576923076923
2026-04,18,104,68.26923076923077,79.97283925267476,80.28846153846153,72.92307692307693
2026-04,19,104,71.15384615384616,71.3821976661941,80.75,76.53846153846153
2026-04,20,104,73.07692307692308,81.12852837161806,62.09615384615385,79.82692307692308
2026-04,21,104,68.26923076923077,84.47405247017157,34.91346153846153,80.76923076923077
2026-04,22,104,67.54807692307692,77.15006465882992,50.82692307692308,80.76923076923077
2026-04,23,104,69.63487708038267,77.51624339945269,63.76923076923077,80.76923076923077
2026-05,0,108,59.0,60.00797835753639,77.4074074074074,80.51851851851852
2026-05,1,108,65.74074074074075,69.01851851851852,80.95370370370371,79.60185185185185
2026-05,2,108,62.77230274840829,64.39464174526842,81.36111111111111,78.70370370370371
2026-05,3,108,63.888888888888886,63.430268665508166,81.48148148148148,77.30555555555556
2026-05,4,108,71.29629629629629,75.44444444444444,81.48148148148148,81.03703703703704
2026-05,5,108,63.888888888888886,64.81481481481481,81.48148148148148,81.48148148148148
2026-05,6,108,68.1083821731426,66.8610716634821,74.19444444444444,81.48148148148148
2026-05,7,108,74.10185185185185,74.21735874707228,75.66666666666667,81.48148148148148
2026-05,8,108,63.16556077277618,65.10339663837966,79.5,81.28703703703704
2026-05,9,108,59.25925925925926,60.13382336533062,81.48148148148148,79.19444444444444
2026-05,10,108,66.66666666666667,58.63123919695448,80.04629629629629,70.91666666666667
2026-05,11,108,70.76736546840947,56.944476664908606,81.48148148148148,66.72222222222223
2026-05,12,108,77.77777777777777,80.69539080048298,81.44444444444444,74.45370370370371
2026-05,13,108,75.92592592592592,58.95018117475797,81.23148148148148,60.388888888888886
2026-05,14,107,75.70093457943925,65.18327742735768,81.21495327102804,59.62616822429905
2026-05,15,104,76.92307692307692,65.37063708158111,80.76923076923077,58.29807692307692
2026-05,16,107,73.83177570093459,71.93602534637472,77.85981308411215,55.39252336448598
2026-05,17,108,74.07407407407408,73.25514249865536,77.77777777777777,66.88888888888889
2026-05,18,108,75.92592592592592,83.29530002075225,75.06481481481481,76.14814814814815
2026-05,19,108,65.74074074074075,73.87300970601096,77.19444444444444,73.87962962962963
2026-05,20,108,61.111111111111114,69.6517182174025,72.9074074074074,77.16666666666667
2026-05,21,108,63.888888888888886,81.1355980022763,41.175925925925924,77.77777777777777
2026-05,22,108,62.96296296296296,80.27626767944145,23.86111111111111,75.92592592592592
2026-05,23,108,64.81481481481481,55.42854142681572,46.907407407407405,77.77777777777777
2026-06,0,106,55.39622641509434,53.644962894288476,77.35849056603773,78.56603773584905
2026-06,1,106,60.34905660377358,62.03479017405142,77.0754716981132,76.5377358490566
2026-06,2,108,57.0462962962963,59.05368241651313,77.77777777777777,71.04629629629629
2026-06,3,105,56.19047619047619,55.93095335535264,80.0,73.76190476190476
2026-06,4,107,59.4392523364486,65.7253163232707,76.23364485981308,73.3644859813084
2026-06,5,108,58.333333333333336,58.73063133602878,77.37962962962963,77.77777777777777
2026-06,6,106,57.0,60.726415094339615,74.32075471698114,77.76415094339623
2026-06,7,104,48.91346153846154,50.1819199488596,75.8076923076923,78.84615384615384
2026-06,8,105,60.95238095238095,62.345822177250966,75.84761904761905,73.97142857142858
2026-06,9,107,63.12288527505061,60.24033198818819,74.76635514018692,69.82242990654206
2026-06,10,108,63.39441427967414,57.53563522351493,74.07407407407408,65.25925925925925
2026-06,11,108,67.5925925925926,67.165720924247,74.07407407407408,68.01851851851852
2026-06,12,108,70.37037037037037,75.93665264667676,69.94444444444444,68.51851851851852
2026-06,13,108,74.07407407407408,77.52379079007157,72.94444444444444,64.66666666666667
2026-06,14,105,73.33333333333333,72.51695238095238,75.23809523809524,56.61904761904762
2026-06,15,103,69.90291262135922,70.66546629013318,73.7864077669903,46.9126213592233
2026-06,16,103,66.99380797872,76.18610313072507,73.7864077669903,52.980582524271846
2026-06,17,108,61.111111111111114,71.77829693236107,67.02777777777777,61.0
2026-06,18,104,66.34615384615384,82.12816222995767,72.0,62.82692307692301
2026-06,19,108,63.888888888888886,71.31056360101005,70.12037037037037,63.750000000000014
2026-06,20,106,57.54716981132076,61.65288207696548,70.56603773584905,67.16981132075472
2026-06,21,108,56.48148148148148,77.63259599011536,39.092592592592595,70.37037037037037
2026-06,22,104,58.65384615384615,87.6141211677324,22.25,73.07692307692308
2026-06,23,105,54.15238095238095,64.93758466040745,52.73333333333333,71.42857142857143
2026-07,0,112,64.29464285714286,64.18830987574493,87.50892857142857,88.41964285714286
2026-07,1,112,76.78571428571429,78.06252418438956,86.6875,89.28571428571429
2026-07,2,112,66.07142857142857,64.67504618301218,89.26785714285714,86.83928571428571
2026-07,3,112,69.64285714285714,70.22321428571429,85.71428571428571,88.70535714285714
2026-07,4,112,57.811557769036575,56.68046109765606,88.39285714285714,87.25892857142857
2026-07,5,112,58.035714285714285,57.43304123449868,88.78571428571429,88.1875
2026-07,6,112,61.04547907041253,54.068157396883656,81.99107142857143,88.48214285714286
2026-07,7,112,63.455357142857146,62.982142857142854,88.75892857142857,89.28571428571429
2026-07,8,112,65.4809919822467,65.02536513135517,88.6875,84.07142857142857
2026-07,9,110,59.897617177598924,59.18497890494886,87.91818181818182,85.27272727272727
2026-07,10,112,58.035714285714285,62.1270928103387,84.44642857142857,76.71428571428571
2026-07,11,110,61.53417673141577,61.224699421763425,84.15454545454546,73.30909090909091
2026-07,12,112,73.21428571428571,82.02101354437215,82.14285714285714,53.455357142857146
2026-07,13,112,71.42857142857143,75.25940782562768,82.14285714285714,60.625
2026-07,14,112,66.96428571428571,66.57204638362138,82.14285714285714,54.357142857142854
2026-07,15,112,66.96428571428571,83.55552811196723,82.14285714285714,61.035714285714285
2026-07,16,112,70.53571428571429,76.23187877087109,82.14285714285714,62.464285714285715
2026-07,17,112,68.75,74.48342927512542,81.91071428571429,63.928571428571445
2026-07,18,112,72.32142857142857,83.69231671286386,79.20535714285714,76.07142857142857
2026-07,19,112,63.392857142857146,69.31501867101454,82.14285714285714,77.04464285714286
2026-07,20,112,55.357142857142854,64.78084434271925,79.33035714285714,80.24107142857143
2026-07,21,112,56.94642857142857,69.56840993842374,56.67857142857143,82.14285714285714
2026-07,22,112,55.357142857142854,57.59995465960397,29.526785714285715,82.14285714285714
2026-07,23,112,63.84273289099513,61.128807034615726,54.339285714285715,82.14285714285714
2026-08,0,80,47.5,47.5,55.0,48.75
2026-08,1,80,41.25,43.97578745522381,51.25,47.2625
2026-08,2,80,46.25,45.0125,52.5,48.7375
2026-08,3,80,55.0,52.96257641976107,48.75,47.025
2026-08,4,80,46.25,42.5,51.25,46.25
2026-08,5,80,52.50566075342821,51.25,51.25,46.2375
2026-08,6,80,57.5,57.1125,46.9,51.5125
2026-08,7,80,49.05751874667106,46.0125,49.45,53.75
2026-08,8,80,46.325,43.538819518431076,53.35,52.425
2026-08,9,80,46.25,46.525,54.725,48.75
2026-08,10,80,46.25,46.6625,58.75,48.3375
2026-08,11,80,51.86749830159202,56.7145544489005,45.9125,38.9
2026-08,12,80,61.25,78.75021771137128,46.25,41.25
2026-08,13,80,53.75,66.56648622495737,50.8875,34.5875
2026-08,14,80,55.0,65.49032928096526,48.75,37.7
2026-08,15,80,63.75,81.41838425068993,48.225,39.175
2026-08,16,80,62.5,74.22138113787534,43.75,37.89999999999999
2026-08,17,80,62.5,69.06193341438825,41.287499999999994,45.2375
2026-08,18,80,62.5,70.5604455800294,51.8125,49.0625
2026-08,19,80,58.75,66.51610362505707,48.75,54.75
2026-08,20,80,52.5,61.788,48.7,56.25
2026-08,21,80,48.75,69.53,39.8875,51.25
2026-08,22,80,46.25,55.06523505188757,22.55,40.0
2026-08,23,79,53.164556962025316,53.019145258424274,46.25316455696203,45.56962025316456
