month,hour,average_total_kEUR_per_MW,sample_hours
2025-01,0,0.06,31
2025-01,1,0.06,31
2025-01,2,0.06,31
2025-01,3,0.05,31
2025-01,4,0.06,31
2025-01,5,0.06,31
2025-01,6,0.07,31
2025-01,7,0.07,31
2025-01,8,0.07,31
2025-01,9,0.16,31
2025-01,10,0.09,31
2025-01,11,0.06,31
2025-01,12,0.02,30
2025-01,13,0.04,30
2025-01,14,0.04,30
2025-01,15,0.05,30
2025-01,16,0.12,30
2025-01,17,0.09,30
2025-01,18,0.08,30
2025-01,19,0.10,30
2025-01,20,0.07,30
2025-01,21,0.04,30
2025-01,22,0.04,30
2025-01,23,0.06,30
2025-02,0,0.08,27
2025-02,1,0.06,27
2025-02,2,0.06,27
2025-02,3,0.07,27
2025-02,4,0.07,27
2025-02,5,0.07,27
2025-02,6,0.08,27
2025-02,7,0.09,27
2025-02,8,0.12,27
2025-02,9,0.15,27
2025-02,10,0.09,27
2025-02,11,0.07,27
2025-02,12,0.05,27
2025-02,13,0.04,27
2025-02,14,0.03,27
2025-02,15,0.05,27
2025-02,16,0.11,27
2025-02,17,0.22,27
2025-02,18,0.08,27
2025-02,19,0.13,27
2025-02,20,0.12,27
2025-02,21,0.05,27
2025-02,22,0.05,27
2025-02,23,0.08,27
2025-03,0,0.07,30
2025-03,1,0.06,29
2025-03,2,0.06,30
2025-03,3,0.06,31
2025-03,4,0.06,31
2025-03,5,0.05,31
2025-03,6,0.06,31
2025-03,7,0.08,31
2025-03,8,0.15,31
2025-03,9,0.08,31
2025-03,10,0.05,31
2025-03,11,0.05,31
2025-03,12,0.03,30
2025-03,13,0.04,30
2025-03,14,0.04,31
2025-03,15,0.05,31
2025-03,16,0.07,31
2025-03,17,0.14,31
2025-03,18,0.12,31
2025-03,19,0.11,31
2025-03,20,0.09,31
2025-03,21,0.06,31
2025-03,22,0.05,31
2025-03,23,0.06,30
2025-04,0,0.04,27
2025-04,1,0.05,27
2025-04,2,0.04,27
2025-04,3,0.04,27
2025-04,4,0.05,27
2025-04,5,0.04,27
2025-04,6,0.05,27
2025-04,7,0.07,26
2025-04,8,0.10,26
2025-04,9,0.06,26
2025-04,10,0.03,26
2025-04,11,0.03,26
2025-04,12,0.02,23
2025-04,13,0.02,26
2025-04,14,0.02,25
2025-04,15,0.02,24
2025-04,16,0.02,24
2025-04,17,0.02,25
2025-04,18,0.04,25
2025-04,19,0.08,25
2025-04,20,0.08,25
2025-04,21,0.09,25
2025-04,22,0.07,25
2025-04,23,0.06,25
2025-05,0,0.03,24
2025-05,1,0.03,24
2025-05,2,0.03,24
2025-05,3,0.03,24
2025-05,4,0.03,24
2025-05,5,0.04,24
2025-05,6,0.05,24
2025-05,7,0.07,24
2025-05,8,0.05,23
2025-05,9,0.04,24
2025-05,10,0.02,23
2025-05,11,0.01,24
2025-05,12,0.03,25
2025-05,13,0.02,24
2025-05,14,0.02,25
2025-05,15,0.03,25
2025-05,16,0.02,24
2025-05,17,0.03,24
2025-05,18,0.03,25
2025-05,19,0.05,25
2025-05,20,0.07,25
2025-05,21,0.07,25
2025-05,22,0.06,25
2025-05,23,0.04,25
2025-06,0,0.03,29
2025-06,1,0.03,29
2025-06,2,0.03,29
2025-06,3,0.02,29
2025-06,4,0.03,29
2025-06,5,0.02,29
2025-06,6,0.04,29
2025-06,7,0.08,29
2025-06,8,0.05,29
2025-06,9,0.06,29
2025-06,10,0.03,29
2025-06,11,0.02,29
2025-06,12,0.03,29
2025-06,13,0.02,29
2025-06,14,0.02,29
2025-06,15,0.01,29
2025-06,16,0.02,29
2025-06,17,0.04,29
2025-06,18,0.05,29
2025-06,19,0.07,29
2025-06,20,0.06,29
2025-06,21,0.13,29
2025-06,22,0.11,29
2025-06,23,0.04,29
2025-07,0,0.03,26
2025-07,1,0.03,26
2025-07,2,0.03,26
2025-07,3,0.03,26
2025-07,4,0.03,26
2025-07,5,0.03,26
2025-07,6,0.05,26
2025-07,7,0.12,26
2025-07,8,0.10,26
2025-07,9,0.06,25
2025-07,10,0.03,25
2025-07,11,0.02,25
2025-07,12,0.04,25
2025-07,13,0.04,25
2025-07,14,0.03,25
2025-07,15,0.03,25
2025-07,16,0.03,25
2025-07,17,0.04,25
2025-07,18,0.06,26
2025-07,19,0.07,26
2025-07,20,0.06,26
2025-07,21,0.10,26
2025-07,22,0.10,26
2025-07,23,0.05,26
2025-08,0,0.04,30
2025-08,1,0.03,30
2025-08,2,0.04,30
2025-08,3,0.04,30
2025-08,4,0.04,30
2025-08,5,0.04,29
2025-08,6,0.05,30
2025-08,7,0.12,30
2025-08,8,0.14,30
2025-08,9,0.08,30
2025-08,10,0.04,30
2025-08,11,0.02,30
2025-08,12,0.03,30
2025-08,13,0.02,30
2025-08,14,0.02,30
2025-08,15,0.02,30
2025-08,16,0.04,30
2025-08,17,0.05,30
2025-08,18,0.07,30
2025-08,19,0.09,30
2025-08,20,0.07,30
2025-08,21,0.11,30
2025-08,22,0.08,30
2025-08,23,0.03,30
2025-09,0,0.03,30
2025-09,1,0.03,30
2025-09,2,0.04,30
2025-09,3,0.04,30
2025-09,4,0.04,30
2025-09,5,0.04,30
2025-09,6,0.05,30
2025-09,7,0.08,30
2025-09,8,0.12,30
2025-09,9,0.09,30
2025-09,10,0.05,30
2025-09,11,0.04,29
2025-09,12,0.03,30
2025-09,13,0.03,30
2025-09,14,0.02,29
2025-09,15,0.03,29
2025-09,16,0.03,29
2025-09,17,0.05,30
2025-09,18,0.07,30
2025-09,19,0.19,30
2025-09,20,0.12,30
2025-09,21,0.11,30
2025-09,22,0.07,30
2025-09,23,0.04,30
2025-10,0,0.04,27
2025-10,1,0.03,26
2025-10,2,0.03,26
2025-10,3,0.02,26
2025-10,4,0.03,26
2025-10,5,0.03,26
2025-10,6,0.04,25
2025-10,7,0.05,25
2025-10,8,0.08,25
2025-10,9,0.07,26
2025-10,10,0.04,23
2025-10,11,0.03,26
2025-10,12,0.04,26
2025-10,13,0.02,26
2025-10,14,0.02,26
2025-10,15,0.03,26
2025-10,16,0.04,26
2025-10,17,0.06,26
2025-10,18,0.07,26
2025-10,19,0.07,26
2025-10,20,0.08,26
2025-10,21,0.08,26
2025-10,22,0.05,25
2025-10,23,0.04,25
2025-11,0,0.02,26
2025-11,1,0.02,26
2025-11,2,0.02,27
2025-11,3,0.01,27
2025-11,4,0.02,27
2025-11,5,0.02,27
2025-11,6,0.02,27
2025-11,7,0.02,27
2025-11,8,0.02,26
2025-11,9,0.02,25
2025-11,10,0.02,25
2025-11,11,0.01,27
2025-11,12,0.02,27
2025-11,13,0.02,26
2025-11,14,0.02,27
2025-11,15,0.02,27
2025-11,16,0.02,27
2025-11,17,0.02,27
2025-11,18,0.02,27
2025-11,19,0.02,27
2025-11,20,0.02,27
2025-11,21,0.02,27
2025-11,22,0.02,27
2025-11,23,0.02,27
2025-12,0,0.01,29
2025-12,1,0.01,29
2025-12,2,0.01,29
2025-12,3,0.01,29
2025-12,4,0.01,29
2025-12,5,0.01,29
2025-12,6,0.01,29
2025-12,7,0.01,29
2025-12,8,0.01,29
2025-12,9,0.01,29
2025-12,10,0.01,29
2025-12,11,0.01,29
2025-12,12,0.02,29
2025-12,13,0.02,29
2025-12,14,0.02,29
2025-12,15,0.02,29
2025-12,16,0.02,29
2025-12,17,0.01,29
2025-12,18,0.01,29
2025-12,19,0.02,29
2025-12,20,0.02,29
2025-12,21,0.02,29
2025-12,22,0.01,29
2025-12,23,0.01,29
2026-01,0,0.03,27
2026-01,1,0.03,27
2026-01,2,0.03,27
2026-01,3,0.03,27
2026-01,4,0.02,27
2026-01,5,0.03,27
2026-01,6,0.04,27
2026-01,7,0.05,27
2026-01,8,0.06,27
2026-01,9,0.08,27
2026-01,10,0.06,26
2026-01,11,0.04,27
2026-01,12,0.03,27
2026-01,13,0.02,27
2026-01,14,0.04,27
2026-01,15,0.04,27
2026-01,16,0.06,27
2026-01,17,0.06,27
2026-01,18,0.06,27
2026-01,19,0.06,27
2026-01,20,0.06,27
2026-01,21,0.06,27
2026-01,22,0.03,27
2026-01,23,0.04,27
2026-02,0,0.04,27
2026-02,1,0.03,27
2026-02,2,0.04,28
2026-02,3,0.03,27
2026-02,4,0.04,27
2026-02,5,0.03,27
2026-02,6,0.04,27
2026-02,7,0.05,27
2026-02,8,0.09,28
2026-02,9,0.04,26
2026-02,10,0.02,28
2026-02,11,0.01,27
2026-02,12,0.02,27
2026-02,13,0.01,28
2026-02,14,0.01,28
2026-02,15,0.01,28
2026-02,16,0.02,28
2026-02,17,0.03,28
2026-02,18,0.06,27
2026-02,19,0.06,27
2026-02,20,0.07,27
2026-02,21,0.05,27
2026-02,22,0.04,27
2026-02,23,0.04,27
2026-03,0,0.04,28
2026-03,1,0.03,28
2026-03,2,0.03,27
2026-03,3,0.03,29
2026-03,4,0.03,28
2026-03,5,0.04,29
2026-03,6,0.06,29
2026-03,7,0.06,28
2026-03,8,0.06,28
2026-03,9,0.05,27
2026-03,10,0.02,28
2026-03,11,0.02,29
2026-03,12,0.01,29
2026-03,13,0.02,29
2026-03,14,0.01,29
2026-03,15,0.02,29
2026-03,16,0.03,29
2026-03,17,0.04,28
2026-03,18,0.06,28
2026-03,19,0.07,28
2026-03,20,0.09,28
2026-03,21,0.09,28
2026-03,22,0.05,28
2026-03,23,0.04,27
2026-04,0,0.03,26
2026-04,1,0.03,26
2026-04,2,0.04,26
2026-04,3,0.03,26
2026-04,4,0.04,26
2026-04,5,0.03,26
2026-04,6,0.04,26
2026-04,7,0.07,26
2026-04,8,0.11,25
2026-04,9,0.05,25
2026-04,10,0.03,26
2026-04,11,0.04,25
2026-04,12,0.03,26
2026-04,13,0.03,26
2026-04,14,0.02,26
2026-04,15,0.03,26
2026-04,16,0.02,26
2026-04,17,0.04,26
2026-04,18,0.04,26
2026-04,19,0.06,26
2026-04,20,0.07,26
2026-04,21,0.08,26
2026-04,22,0.06,26
2026-04,23,0.04,26
2026-05,0,0.04,27
2026-05,1,0.03,27
2026-05,2,0.03,27
2026-05,3,0.03,27
2026-05,4,0.03,27
2026-05,5,0.04,27
2026-05,6,0.04,27
2026-05,7,0.09,27
2026-05,8,0.10,27
2026-05,9,0.05,27
2026-05,10,0.03,27
2026-05,11,0.02,27
2026-05,12,0.03,27
2026-05,13,0.02,27
2026-05,14,0.02,27
2026-05,15,0.02,26
2026-05,16,0.02,26
2026-05,17,0.02,27
2026-05,18,0.04,27
2026-05,19,0.06,27
2026-05,20,0.07,27
2026-05,21,0.10,27
2026-05,22,0.09,27
2026-05,23,0.05,27
2026-06,0,0.03,26
2026-06,1,0.02,26
2026-06,2,0.02,27
2026-06,3,0.02,26
2026-06,4,0.01,26
2026-06,5,0.02,27
2026-06,6,0.04,26
2026-06,7,0.09,25
2026-06,8,0.08,26
2026-06,9,0.04,26
2026-06,10,0.03,27
2026-06,11,0.02,27
2026-06,12,0.03,27
2026-06,13,0.02,27
2026-06,14,0.02,26
2026-06,15,0.02,26
2026-06,16,0.02,25
2026-06,17,0.04,27
2026-06,18,0.04,26
2026-06,19,0.05,27
2026-06,20,0.07,26
2026-06,21,0.12,27
2026-06,22,0.12,26
2026-06,23,0.05,26
2026-07,0,0.02,28
2026-07,1,0.01,28
2026-07,2,0.01,28
2026-07,3,0.02,28
2026-07,4,0.01,28
2026-07,5,0.01,28
2026-07,6,0.02,28
2026-07,7,0.03,28
2026-07,8,0.03,28
2026-07,9,0.02,27
2026-07,10,0.01,28
2026-07,11,0.01,27
2026-07,12,0.02,28
2026-07,13,0.02,28
2026-07,14,0.02,28
2026-07,15,0.02,28
2026-07,16,0.02,28
2026-07,17,0.02,28
2026-07,18,0.03,28
2026-07,19,0.03,28
2026-07,20,0.03,28
2026-07,21,0.03,28
2026-07,22,0.04,28
2026-07,23,0.02,28
2026-08,0,0.01,20
2026-08,1,0.01,20
2026-08,2,0.01,20
2026-08,3,0.02,20
2026-08,4,0.02,20
2026-08,5,0.02,20
2026-08,6,0.02,20
2026-08,7,0.04,20
2026-08,8,0.04,20
2026-08,9,0.03,20
2026-08,10,0.02,20
2026-08,11,0.01,20
2026-08,12,0.02,20
2026-08,13,0.02,20
2026-08,14,0.02,20
2026-08,15,0.02,20
2026-08,16,0.02,20
2026-08,17,0.02,20
2026-08,18,0.04,20
2026-08,19,0.04,20
2026-08,20,0.03,20
2026-08,21,0.02,20
2026-08,22,0.02,20
2026-08,23,0.02,20
