month,window_start_month,window_end_month,rolling_total_kEUR,rolling_total_kEUR_per_MW,valid_qh,total_qh,settlement_coverage,v1_100pct_kEUR_per_MW,v1_minus_current_kEUR_per_MW,baseline_coverage
2025-12,2025-01,2025-12,40135.68,401.36,32175,35040,91.82%,531.77,130.41,91.82%
2026-01,2025-02,2026-01,38076.34,380.76,31838,35040,90.86%,502.20,121.44,90.86%
2026-02,2025-03,2026-02,35130.02,351.30,31912,35040,91.07%,462.75,111.45,91.07%
2026-03,2025-04,2026-03,32922.81,329.23,31708,35040,90.49%,435.61,106.38,90.49%
2026-04,2025-05,2026-04,32709.80,327.10,31706,35040,90.49%,431.80,104.70,90.49%
2026-05,2025-06,2026-05,33289.80,332.90,31947,35040,91.17%,440.14,107.24,91.17%
2026-06,2025-07,2026-06,33004.05,330.04,31730,35040,90.55%,437.29,107.25,90.55%
2026-07,2025-08,2026-07,31311.64,313.12,31953,35040,91.19%,429.76,116.64,91.19%
2026-08,2025-09,2026-08,28572.43,285.72,30994,35040,88.45%,392.74,107.02,88.45%
