month,DA_kEUR,ID_kEUR,cap_up_kEUR,cap_down_kEUR,act_up_kEUR,act_down_kEUR,total_kEUR,DA_kEUR_per_MW,ID_kEUR_per_MW,cap_up_kEUR_per_MW,cap_down_kEUR_per_MW,act_up_kEUR_per_MW,act_down_kEUR_per_MW,total_kEUR_per_MW,valid_qh,total_qh,settlement_coverage,efc
2025-01,1037.34,-134.73,2262.97,1329.05,725.87,-154.93,5065.57,10.37,-1.35,22.63,13.29,7.26,-1.55,50.66,2928,2976,0.9838709677419355,32.71996754118898
2025-02,1761.72,-505.71,2814.89,1209.19,593.44,-171.71,5701.82,17.62,-5.06,28.15,12.09,5.93,-1.72,57.02,2592,2688,0.9642857142857143,30.766169762746316
2025-03,1081.18,336.13,1481.20,1567.79,718.48,156.15,5340.92,10.81,3.36,14.81,15.68,7.18,1.56,53.41,2961,2972,0.9962987886944819,37.741186992229906
2025-04,845.13,263.43,604.06,731.32,445.91,173.63,3063.48,8.45,2.63,6.04,7.31,4.46,1.74,30.63,2491,2880,0.8649305555555555,34.586286681629055
2025-05,554.66,585.86,277.42,511.87,278.10,137.86,2345.78,5.55,5.86,2.77,5.12,2.78,1.38,23.46,2346,2976,0.7883064516129032,34.84658014546502
2025-06,1528.81,265.54,614.52,420.14,633.36,-76.50,3385.87,15.29,2.66,6.15,4.20,6.33,-0.77,33.86,2784,2880,0.9666666666666667,37.54571578691441
2025-07,912.90,500.92,1141.45,499.66,373.84,-73.74,3355.02,9.13,5.01,11.41,5.00,3.74,-0.74,33.55,2463,2976,0.8276209677419355,32.59774990898027
2025-08,1272.47,351.64,1345.99,796.64,491.15,-88.45,4169.44,12.72,3.52,13.46,7.97,4.91,-0.88,41.69,2879,2976,0.9674059139784946,37.83296050636934
2025-09,1138.60,651.73,1262.22,1219.84,467.51,7.71,4747.60,11.39,6.52,12.62,12.20,4.68,0.08,47.48,2867,2880,0.9954861111111111,38.610952211666955
2025-10,949.98,126.65,1177.42,550.15,560.63,-25.10,3339.73,9.50,1.27,11.77,5.50,5.61,-0.25,33.40,2504,2980,0.8402684563758389,31.693496140940915
2025-11,1144.13,87.19,787.31,633.73,511.74,14.21,3178.31,11.44,0.87,7.87,6.34,5.12,0.14,31.78,2576,2880,0.8944444444444445,34.991952470420344
2025-12,1176.14,-434.36,629.35,464.30,617.65,-77.30,2375.77,11.76,-4.34,6.29,4.64,6.18,-0.77,23.76,2784,2976,0.9354838709677419,32.64431910915108
2026-01,873.83,208.42,784.73,342.46,611.22,145.78,2966.44,8.74,2.08,7.85,3.42,6.11,1.46,29.66,2591,2976,0.8706317204301075,32.593567420137
2026-02,498.76,260.84,529.99,720.85,307.74,238.28,2556.46,4.99,2.61,5.30,7.21,3.08,2.38,25.56,2666,2688,0.9918154761904762,30.34236984445585
2026-03,788.25,935.11,493.28,390.15,367.36,176.10,3150.25,7.88,9.35,4.93,3.90,3.67,1.76,31.50,2757,2972,0.9276581426648721,41.235370811617464
2026-04,-131.53,1682.85,384.94,619.93,436.12,20.04,3012.36,-1.32,16.83,3.85,6.20,4.36,0.20,30.12,2489,2880,0.8642361111111111,34.553700186133824
2026-05,459.27,1282.62,625.05,524.89,366.38,-52.20,3206.01,4.59,12.83,6.25,5.25,3.66,-0.52,32.06,2587,2976,0.8692876344086021,34.225748770610444
2026-06,555.28,1187.44,699.24,255.09,492.49,-59.28,3130.26,5.55,11.87,6.99,2.55,4.92,-0.59,31.30,2567,2880,0.8913194444444444,36.67775769819505
2026-07,-270.83,1950.20,847.04,207.72,785.05,-119.27,3399.90,-2.71,19.50,8.47,2.08,7.85,-1.19,34.00,2686,2976,0.9025537634408602,34.34647311873588
2026-08,880.92,767.25,1152.85,399.54,554.92,-71.05,3684.43,8.81,7.67,11.53,4.00,5.55,-0.71,36.84,1920,2976,0.6451612903225806,25.775309728848544
