month,DA_kEUR,ID_kEUR,cap_up_kEUR,cap_down_kEUR,act_up_kEUR,act_down_kEUR,total_kEUR,DA_kEUR_per_MW,ID_kEUR_per_MW,cap_up_kEUR_per_MW,cap_down_kEUR_per_MW,act_up_kEUR_per_MW,act_down_kEUR_per_MW,total_kEUR_per_MW,valid_qh,total_qh,settlement_coverage,efc
2025-01,1007.95,-313.89,2308.16,1351.5,749.68,-159.56,4943.84,10.08,-3.14,23.08,13.51,7.5,-1.6,49.44,2928,2976,0.9838709677419355,52.443674573340374
2025-02,1845.23,-947.57,2899.07,1208.97,639.44,-172.74,5472.4,18.45,-9.48,28.99,12.09,6.39,-1.73,54.72,2592,2688,0.9642857142857143,47.541258391655376
2025-03,999.92,128.09,1543.45,1581.05,739.82,154.34,5146.68,10.0,1.28,15.43,15.81,7.4,1.54,51.47,2961,2972,0.9962987886944819,61.86630187501184
2025-04,807.04,124.67,642.87,732.22,457.82,175.34,2939.96,8.07,1.25,6.43,7.32,4.58,1.75,29.4,2491,2880,0.8649305555555555,60.638380945979144
2025-05,554.56,475.17,292.96,502.53,291.11,137.56,2253.88,5.55,4.75,2.93,5.03,2.91,1.38,22.54,2346,2976,0.7883064516129032,61.08531414040696
2025-06,1437.61,-128.7,676.83,416.4,701.03,-79.28,3023.9,14.38,-1.29,6.77,4.16,7.01,-0.79,30.24,2784,2880,0.9666666666666667,58.68595593776228
2025-07,845.45,261.49,1190.78,495.37,412.56,-74.54,3131.11,8.45,2.61,11.91,4.95,4.13,-0.75,31.31,2463,2976,0.8276209677419355,49.21473779749261
2025-08,1266.34,-92.54,1410.74,793.03,532.01,-88.42,3821.16,12.66,-0.93,14.11,7.93,5.32,-0.88,38.21,2879,2976,0.9674059139784946,57.406482453473856
2025-09,1097.2,254.13,1333.65,1210.46,505.89,9.54,4410.86,10.97,2.54,13.34,12.1,5.06,0.1,44.11,2867,2880,0.9954861111111111,57.37513227046988
2025-10,986.4,-124.16,1046.7,473.6,469.16,-4.32,2847.38,9.86,-1.24,10.47,4.74,4.69,-0.04,28.47,2504,2980,0.8402684563758389,42.50893095389467
2025-11,822.08,108.34,114.25,142.26,0.0,0.0,1186.94,8.22,1.08,1.14,1.42,0.0,0.0,11.87,2576,2880,0.8944444444444445,0.0
2025-12,976.48,-151.59,45.23,87.45,0.0,0.0,957.57,9.76,-1.52,0.45,0.87,0.0,0.0,9.58,2784,2976,0.9354838709677419,0.0
2026-01,894.11,77.36,797.0,348.47,620.09,147.47,2884.5,8.94,0.77,7.97,3.48,6.2,1.47,28.85,2591,2976,0.8706317204301075,55.41035740672557
2026-02,499.84,223.05,533.04,721.93,309.88,238.33,2526.08,5.0,2.23,5.33,7.22,3.1,2.38,25.26,2666,2688,0.9918154761904762,55.24593962074001
2026-03,799.72,672.26,516.94,391.22,383.69,175.65,2939.47,8.0,6.72,5.17,3.91,3.84,1.76,29.39,2757,2972,0.9276581426648721,66.49427414565672
2026-04,-146.91,1352.86,400.32,617.91,482.22,20.56,2726.95,-1.47,13.53,4.0,6.18,4.82,0.21,27.27,2489,2880,0.8642361111111111,53.112992693089396
2026-05,454.01,824.08,683.12,520.16,407.4,-54.9,2833.88,4.54,8.24,6.83,5.2,4.07,-0.55,28.34,2587,2976,0.8692876344086021,50.80140639147102
2026-06,598.73,628.93,755.16,253.72,561.19,-59.57,2738.15,5.99,6.29,7.55,2.54,5.61,-0.6,27.38,2567,2880,0.8913194444444444,54.846465371689376
2026-07,-432.36,1541.33,187.3,59.62,83.27,-0.46,1438.69,-4.32,15.41,1.87,0.6,0.83,-0.0,14.39,2686,2976,0.9025537634408602,9.536746813152432
2026-08,631.52,178.65,189.97,68.6,15.54,-2.32,1081.95,6.32,1.79,1.9,0.69,0.16,-0.02,10.82,1920,2976,0.6451612903225806,0.5434782608694353
