month,DA_share_pct,ID_share_pct,cap_up_share_pct,cap_down_share_pct,act_up_share_pct,act_down_share_pct,valid_qh,total_qh
2025-01,20.48,-2.66,44.67,26.24,14.33,-3.06,2928,2976
2025-02,30.90,-8.87,49.37,21.21,10.41,-3.01,2592,2688
2025-03,20.24,6.29,27.73,29.35,13.45,2.92,2961,2972
2025-04,27.59,8.60,19.72,23.87,14.56,5.67,2491,2880
2025-05,23.65,24.98,11.83,21.82,11.86,5.88,2346,2976
2025-06,45.15,7.84,18.15,12.41,18.71,-2.26,2784,2880
2025-07,27.21,14.93,34.02,14.89,11.14,-2.20,2463,2976
2025-08,30.52,8.43,32.28,19.11,11.78,-2.12,2879,2976
2025-09,23.98,13.73,26.59,25.69,9.85,0.16,2867,2880
2025-10,28.44,3.79,35.26,16.47,16.79,-0.75,2504,2980
2025-11,36.00,2.74,24.77,19.94,16.10,0.45,2576,2880
2025-12,49.51,-18.28,26.49,19.54,26.00,-3.25,2784,2976
2026-01,29.46,7.03,26.45,11.54,20.60,4.91,2591,2976
2026-02,19.51,10.20,20.73,28.20,12.04,9.32,2666,2688
2026-03,25.02,29.68,15.66,12.38,11.66,5.59,2757,2972
2026-04,-4.37,55.86,12.78,20.58,14.48,0.67,2489,2880
2026-05,14.33,40.01,19.50,16.37,11.43,-1.63,2587,2976
2026-06,17.74,37.93,22.34,8.15,15.73,-1.89,2567,2880
2026-07,-7.97,57.36,24.91,6.11,23.09,-3.51,2686,2976
2026-08,23.91,20.82,31.29,10.84,15.06,-1.93,1920,2976
