quarter,hour,DA_kEUR_per_MW,ID_kEUR_per_MW,cap_up_kEUR_per_MW,cap_down_kEUR_per_MW,act_up_kEUR_per_MW,act_down_kEUR_per_MW,total_kEUR_per_MW,sample_hours
Q1,0,0.02,0.00,0.02,0.02,0.01,0.00,0.06,170
Q1,1,0.01,0.00,0.01,0.02,0.01,0.00,0.05,169
Q1,2,0.00,0.00,0.01,0.02,0.01,0.00,0.05,170
Q1,3,0.00,0.00,0.01,0.02,0.01,0.00,0.05,172
Q1,4,0.00,0.00,0.01,0.02,0.01,0.00,0.05,171
Q1,5,0.01,-0.01,0.01,0.02,0.01,0.00,0.05,172
Q1,6,0.02,-0.01,0.02,0.02,0.01,0.00,0.06,172
Q1,7,0.01,0.00,0.03,0.02,0.01,0.00,0.07,171
Q1,8,0.01,0.01,0.03,0.03,0.01,0.00,0.09,172
Q1,9,0.02,0.00,0.04,0.03,0.01,0.00,0.10,169
Q1,10,0.00,0.00,0.03,0.01,0.01,0.00,0.05,171
Q1,11,0.00,0.00,0.02,0.00,0.01,0.00,0.04,172
Q1,12,0.00,-0.01,0.02,0.00,0.01,0.00,0.02,170
Q1,13,0.00,-0.01,0.02,0.00,0.01,0.00,0.02,171
Q1,14,0.00,-0.01,0.02,0.00,0.01,0.01,0.02,172
Q1,15,0.00,-0.01,0.02,0.00,0.01,0.00,0.03,172
Q1,16,0.01,-0.01,0.04,0.01,0.01,0.00,0.06,172
Q1,17,0.01,-0.01,0.05,0.02,0.02,0.00,0.10,171
Q1,18,0.02,0.02,0.02,0.01,0.02,0.00,0.09,170
Q1,19,0.05,0.05,0.01,0.00,0.00,0.00,0.11,170
Q1,20,0.05,0.05,0.01,0.00,0.00,0.00,0.11,170
Q1,21,0.04,0.03,0.00,0.00,0.00,0.00,0.09,170
Q1,22,0.03,0.00,0.01,0.01,0.00,0.00,0.05,170
Q1,23,0.03,-0.01,0.02,0.01,0.01,0.00,0.06,168
Q2,0,0.02,0.01,0.00,0.01,0.01,0.00,0.05,159
Q2,1,0.02,0.00,0.00,0.01,0.01,0.00,0.04,159
Q2,2,0.01,-0.01,0.01,0.01,0.01,0.00,0.03,160
Q2,3,0.02,-0.01,0.01,0.01,0.01,0.00,0.03,159
Q2,4,0.01,0.00,0.01,0.01,0.01,0.00,0.03,159
Q2,5,0.01,0.00,0.01,0.01,0.01,0.00,0.03,160
Q2,6,0.02,0.00,0.01,0.01,0.01,0.00,0.05,159
Q2,7,0.02,0.01,0.02,0.03,0.01,0.00,0.08,157
Q2,8,0.01,0.00,0.03,0.03,0.01,0.00,0.08,156
Q2,9,-0.01,0.02,0.02,0.01,0.01,0.00,0.05,157
Q2,10,0.00,0.01,0.01,0.00,0.01,0.00,0.03,158
Q2,11,0.00,0.01,0.01,0.00,0.01,0.00,0.02,158
Q2,12,-0.01,0.02,0.00,0.00,0.01,0.00,0.02,157
Q2,13,0.00,0.01,0.00,0.00,0.00,0.00,0.02,159
Q2,14,0.00,0.01,0.00,0.00,0.00,0.00,0.01,158
Q2,15,0.00,0.01,0.00,0.00,0.00,0.00,0.02,156
Q2,16,0.00,0.01,0.00,0.00,0.01,0.00,0.02,154
Q2,17,0.00,0.01,0.01,0.00,0.01,0.00,0.03,158
Q2,18,0.00,0.01,0.01,0.00,0.01,0.00,0.04,158
Q2,19,0.01,0.01,0.03,0.01,0.01,0.00,0.06,159
Q2,20,0.02,0.02,0.02,0.01,0.01,0.00,0.09,158
Q2,21,0.03,0.08,0.00,0.00,0.01,0.00,0.12,159
Q2,22,0.04,0.06,0.00,0.00,0.00,0.00,0.10,158
Q2,23,0.03,0.04,0.00,0.01,0.00,0.00,0.08,158
Q3,0,0.02,0.00,0.01,0.01,0.01,0.00,0.05,134
Q3,1,0.02,0.00,0.01,0.01,0.01,0.00,0.04,134
Q3,2,0.01,0.00,0.01,0.01,0.01,0.00,0.04,134
Q3,3,0.00,0.01,0.01,0.01,0.01,0.00,0.04,134
Q3,4,0.00,0.00,0.01,0.01,0.01,0.00,0.04,134
Q3,5,0.02,-0.01,0.01,0.01,0.01,0.00,0.04,133
Q3,6,0.02,0.00,0.02,0.01,0.01,0.00,0.06,134
Q3,7,0.02,0.00,0.04,0.04,0.01,0.00,0.11,134
Q3,8,0.02,-0.01,0.05,0.05,0.01,0.00,0.13,134
Q3,9,0.00,0.01,0.04,0.01,0.01,0.00,0.07,132
Q3,10,-0.01,0.01,0.02,0.00,0.01,0.00,0.03,133
Q3,11,-0.02,0.01,0.01,0.00,0.00,0.00,0.02,131
Q3,12,-0.01,0.01,0.01,0.00,0.01,0.00,0.02,133
Q3,13,-0.01,0.01,0.01,0.00,0.00,0.00,0.01,133
Q3,14,-0.01,0.01,0.01,0.00,0.01,0.00,0.01,132
Q3,15,-0.02,0.02,0.01,0.00,0.00,0.00,0.02,132
Q3,16,-0.02,0.02,0.01,0.00,0.01,0.00,0.02,132
Q3,17,-0.02,0.03,0.02,0.00,0.01,0.00,0.04,133
Q3,18,0.00,0.02,0.03,0.00,0.01,0.00,0.06,134
Q3,19,0.03,-0.01,0.04,0.03,0.01,0.00,0.11,134
Q3,20,0.03,0.04,0.03,0.01,0.01,0.00,0.12,134
Q3,21,0.08,0.05,0.00,0.00,0.01,0.00,0.15,134
Q3,22,0.09,0.04,0.00,0.00,0.00,-0.01,0.13,134
Q3,23,0.07,0.02,0.00,0.01,0.00,0.00,0.09,134
Q4,0,0.03,-0.02,0.01,0.01,0.01,0.00,0.04,82
Q4,1,0.01,-0.01,0.01,0.01,0.01,0.00,0.03,81
Q4,2,0.01,-0.01,0.01,0.01,0.01,0.00,0.03,82
Q4,3,0.01,-0.01,0.01,0.02,0.01,0.00,0.03,82
Q4,4,0.01,-0.01,0.01,0.02,0.01,0.00,0.03,82
Q4,5,0.01,-0.01,0.01,0.01,0.01,0.00,0.03,82
Q4,6,0.03,-0.03,0.01,0.01,0.01,0.00,0.04,81
Q4,7,0.03,-0.01,0.01,0.01,0.01,0.00,0.05,81
Q4,8,0.05,-0.02,0.02,0.02,0.01,0.00,0.08,80
Q4,9,0.02,-0.01,0.02,0.01,0.01,0.00,0.06,80
Q4,10,0.01,-0.01,0.02,0.00,0.01,0.00,0.04,77
Q4,11,-0.01,0.00,0.01,0.00,0.01,0.00,0.02,82
Q4,12,-0.01,0.01,0.01,0.00,0.01,0.00,0.02,82
Q4,13,-0.01,0.00,0.01,0.00,0.01,0.00,0.01,81
Q4,14,-0.01,0.00,0.01,0.00,0.01,0.00,0.01,82
Q4,15,-0.01,0.00,0.02,0.00,0.01,0.00,0.03,82
Q4,16,0.00,0.00,0.02,0.01,0.01,0.00,0.04,82
Q4,17,0.01,0.01,0.02,0.01,0.01,0.00,0.06,82
Q4,18,0.02,0.03,0.01,0.01,0.01,0.00,0.08,82
Q4,19,0.04,0.02,0.01,0.01,0.01,0.00,0.09,82
Q4,20,0.06,0.01,0.01,0.00,0.01,0.00,0.09,82
Q4,21,0.04,0.03,0.01,0.00,0.01,0.00,0.09,82
Q4,22,0.03,0.02,0.01,0.00,0.01,0.00,0.06,81
Q4,23,0.01,0.01,0.01,0.01,0.00,0.00,0.04,81
